{
  "features": [
    "ret_1",
    "ret_4",
    "atr",
    "touch_density",
    "slope_long",
    "tokyo",
    "london",
    "ny",
    "ret_8",
    "ret_12",
    "atr14_norm",
    "atr_ratio",
    "d_atr14",
    "range_pct",
    "body_ratio",
    "wick_up_ratio",
    "wick_dn_ratio",
    "slope_short_6",
    "z_close_20",
    "sin_hour",
    "cos_hour",
    "touch_x_atr",
    "slope_long_x_ny",
    "ret_1_v",
    "ret_4_v",
    "ret_8_v",
    "ret_12_v",
    "range_pct_v",
    "slope_short_6_v",
    "atr14_norm_v",
    "atr_ratio_56",
    "rv20",
    "reg_atr_low",
    "reg_atr_mid",
    "reg_atr_high",
    "tokyo_x_range",
    "tokyo_x_touch",
    "london_x_range",
    "london_x_touch",
    "ny_x_range",
    "ny_x_touch",
    "touch_x_atr_v",
    "touch_x_slope_v",
    "z_x_atr_v",
    "reg_low_x_z",
    "reg_low_x_slope_v",
    "reg_mid_x_z",
    "reg_mid_x_slope_v",
    "reg_high_x_z",
    "reg_high_x_slope_v",
    "z_close_20_sq",
    "slope_short_6_v_sq",
    "ret_8_v_sq",
    "ret_12_v_sq",
    "dir",
    "dir_sign",
    "dist_to_level",
    "atr_slope_dir",
    "rsi_div_dir",
    "high_low_ratio_20",
    "atr_change_10"
  ],
  "n_bins": 10,
  "bin_edges": [
    0.041642043979611215,
    0.14118109395896145,
    0.19745443349431765,
    0.24159101415861875,
    0.29052270563853044,
    0.3310989641226178,
    0.36351491999279545,
    0.3923457782214525,
    0.43465926156949375,
    0.5060578385608938,
    0.9273156009770167
  ],
  "prob_mean": [
    0.10626758695151602,
    0.1709079352214978,
    0.2197816352837743,
    0.2657595287464489,
    0.3123874585835012,
    0.34862049817401997,
    0.3782673115964272,
    0.412453788893554,
    0.46457038608335494,
    0.6328193553605622
  ],
  "frac_pos": [
    0.23118279569892472,
    0.26523297491039427,
    0.28186714542190305,
    0.2956989247311828,
    0.35368043087971274,
    0.2992831541218638,
    0.30824372759856633,
    0.3877917414721723,
    0.3763440860215054,
    0.44086021505376344
  ],
  "counts": [
    558,
    558,
    557,
    558,
    557,
    558,
    558,
    557,
    558,
    558
  ],
  "brier": 0.2230515773393548,
  "ece": 0.07769547970130755,
  "frac_lo": [
    0.19811210062126866,
    0.23029976079829448,
    0.2460961611445541,
    0.2593348623074998,
    0.31510075634355506,
    0.2627642832209652,
    0.27134976761190355,
    0.3482277486526986,
    0.3371210645536942,
    0.40020892099182154
  ],
  "frac_hi": [
    0.2679294395852864,
    0.3033765176487636,
    0.3206263124204946,
    0.3348567082494821,
    0.39426452427826775,
    0.338546733466596,
    0.3477598644021058,
    0.4288928653210919,
    0.4172580439413211,
    0.4823202178536205
  ],
  "strategy": "quantile",
  "alpha": 0.05
}