ts,event,corr,source,symbol,interval,period,latency_ms,error
2025-10-20 00:01:06.804615+00:00,price_fetch_start,corr-1760916262998,,JPY=X,15m,60d,,
2025-10-20 00:01:07.475504+00:00,price_fetch_success,corr-1760916262998,yfinance_history,JPY=X,15m,60d,663,
2025-10-20 00:01:07.845531+00:00,price_fetch_success,corr-1760916262998,yfinance_download,JPY=X,15m,60d,361,
2025-10-20 00:01:15.517490+00:00,pattern_draw,,,,,,,,flag_up,2025-10-17 21:15:00+09:00,2025-10-20 09:00:00+09:00,40,77.71968967346083
2025-10-20 00:01:15.812601+00:00,pattern_vrect,,,,,,,,flag_up,2025-10-17 21:15:00+09:00,2025-10-20 09:00:00+09:00
2025-10-20 00:04:04.875561+00:00,price_fetch_start,corr-1760916262998,,JPY=X,15m,60d,,
2025-10-20 00:04:05.465487+00:00,price_fetch_success,corr-1760916262998,yfinance_history,JPY=X,15m,60d,576,
2025-10-20 00:04:06.023045+00:00,price_fetch_success,corr-1760916262998,yfinance_download,JPY=X,15m,60d,547,
2025-10-20 00:04:14.526342+00:00,pattern_draw,,,,,,,,flag_up,2025-10-17 21:15:00+09:00,2025-10-20 09:00:00+09:00,40,77.43677565323505
2025-10-20 00:04:14.548325+00:00,pattern_vrect,,,,,,,,flag_up,2025-10-17 21:15:00+09:00,2025-10-20 09:00:00+09:00
2025-10-20 00:07:02.757169+00:00,price_fetch_start,corr-1760916262998,,JPY=X,15m,60d,,
2025-10-20 00:07:03.203152+00:00,price_fetch_success,corr-1760916262998,yfinance_history,JPY=X,15m,60d,429,
2025-10-20 00:07:03.867406+00:00,price_fetch_success,corr-1760916262998,yfinance_download,JPY=X,15m,60d,660,
2025-10-20 00:07:12.576780+00:00,pattern_draw,,,,,,,,flag_up,2025-10-17 21:15:00+09:00,2025-10-20 09:00:00+09:00,40,77.19506020459859
2025-10-20 00:07:12.614800+00:00,pattern_vrect,,,,,,,,flag_up,2025-10-17 21:15:00+09:00,2025-10-20 09:00:00+09:00
2025-10-20 00:10:00.809847+00:00,price_fetch_start,corr-1760916262998,,JPY=X,15m,60d,,
2025-10-20 00:10:01.289608+00:00,price_fetch_success,corr-1760916262998,yfinance_history,JPY=X,15m,60d,474,
2025-10-20 00:10:01.912577+00:00,price_fetch_success,corr-1760916262998,yfinance_download,JPY=X,15m,60d,619,
2025-10-20 00:10:09.750293+00:00,pattern_draw,,,,,,,,flag_up,2025-10-17 21:15:00+09:00,2025-10-20 09:00:00+09:00,40,77.06910246346126
2025-10-20 00:10:09.794186+00:00,pattern_vrect,,,,,,,,flag_up,2025-10-17 21:15:00+09:00,2025-10-20 09:00:00+09:00
2025-10-20 00:12:58.833167+00:00,price_fetch_start,corr-1760916262998,,JPY=X,15m,60d,,
2025-10-20 00:12:59.352697+00:00,price_fetch_success,corr-1760916262998,yfinance_history,JPY=X,15m,60d,499,
2025-10-20 00:12:59.707265+00:00,price_fetch_success,corr-1760916262998,yfinance_download,JPY=X,15m,60d,350,
2025-10-20 00:13:07.592101+00:00,pattern_draw,,,,,,,,flag_up,2025-10-17 21:15:00+09:00,2025-10-20 09:00:00+09:00,40,77.06934479631094
2025-10-20 00:13:07.634099+00:00,pattern_vrect,,,,,,,,flag_up,2025-10-17 21:15:00+09:00,2025-10-20 09:00:00+09:00
2025-10-20 00:15:56.752945+00:00,price_fetch_start,corr-1760916262998,,JPY=X,15m,60d,,
2025-10-20 00:15:57.257956+00:00,price_fetch_success,corr-1760916262998,yfinance_history,JPY=X,15m,60d,499,
2025-10-20 00:15:57.716908+00:00,price_fetch_success,corr-1760916262998,yfinance_download,JPY=X,15m,60d,454,
2025-10-20 00:16:05.323526+00:00,pattern_draw,,,,,,,,flag_up,2025-10-17 21:30:00+09:00,2025-10-20 09:15:00+09:00,40,80.67073065829305
2025-10-20 00:16:05.341646+00:00,pattern_vrect,,,,,,,,flag_up,2025-10-17 21:30:00+09:00,2025-10-20 09:15:00+09:00
2025-10-20 00:18:54.834226+00:00,price_fetch_start,corr-1760916262998,,JPY=X,15m,60d,,
2025-10-20 00:18:55.245221+00:00,price_fetch_success,corr-1760916262998,yfinance_history,JPY=X,15m,60d,405,
2025-10-20 00:18:55.700860+00:00,price_fetch_success,corr-1760916262998,yfinance_download,JPY=X,15m,60d,450,
2025-10-20 00:19:03.619298+00:00,pattern_draw,,,,,,,,flag_up,2025-10-17 21:30:00+09:00,2025-10-20 09:15:00+09:00,40,80.24979021843184
2025-10-20 00:19:03.649300+00:00,pattern_vrect,,,,,,,,flag_up,2025-10-17 21:30:00+09:00,2025-10-20 09:15:00+09:00
2025-10-20 00:21:52.755478+00:00,price_fetch_start,corr-1760916262998,,JPY=X,15m,60d,,
2025-10-20 00:21:53.296491+00:00,price_fetch_success,corr-1760916262998,yfinance_history,JPY=X,15m,60d,536,
2025-10-20 00:21:53.743438+00:00,price_fetch_success,corr-1760916262998,yfinance_download,JPY=X,15m,60d,438,
2025-10-20 00:22:01.242401+00:00,pattern_draw,,,,,,,,flag_up,2025-10-17 21:30:00+09:00,2025-10-20 09:15:00+09:00,40,80.24711589212609
2025-10-20 00:22:01.275405+00:00,pattern_vrect,,,,,,,,flag_up,2025-10-17 21:30:00+09:00,2025-10-20 09:15:00+09:00
2025-10-20 00:24:50.721469+00:00,price_fetch_start,corr-1760916262998,,JPY=X,15m,60d,,
2025-10-20 00:24:51.228731+00:00,price_fetch_success,corr-1760916262998,yfinance_history,JPY=X,15m,60d,482,
2025-10-20 00:24:51.860966+00:00,price_fetch_success,corr-1760916262998,yfinance_download,JPY=X,15m,60d,629,
2025-10-20 00:25:00.404876+00:00,pattern_draw,,,,,,,,flag_up,2025-10-17 21:30:00+09:00,2025-10-20 09:15:00+09:00,40,79.46054535579214
2025-10-20 00:25:00.412874+00:00,pattern_vrect,,,,,,,,flag_up,2025-10-17 21:30:00+09:00,2025-10-20 09:15:00+09:00
2025-10-20 00:26:35.915932+00:00,price_fetch_start,corr-1760916262998,,JPY=X,15m,60d,,
2025-10-20 00:26:36.461360+00:00,price_fetch_success,corr-1760916262998,yfinance_history,JPY=X,15m,60d,540,
2025-10-20 00:26:36.987190+00:00,price_fetch_success,corr-1760916262998,yfinance_download,JPY=X,15m,60d,517,
2025-10-20 00:26:45.263799+00:00,pattern_draw,,,,,,,,flag_up,2025-10-17 21:30:00+09:00,2025-10-20 09:15:00+09:00,40,79.45912128811888
2025-10-20 00:26:45.293802+00:00,pattern_vrect,,,,,,,,flag_up,2025-10-17 21:30:00+09:00,2025-10-20 09:15:00+09:00
2025-10-20 00:27:20.205736+00:00,price_fetch_start,corr-1760916262998,,JPY=X,15m,60d,,
2025-10-20 00:27:27.161276+00:00,pattern_draw,,,,,,,,flag_up,2025-10-17 21:30:00+09:00,2025-10-20 09:15:00+09:00,40,79.45912128811888
2025-10-20 00:27:27.189290+00:00,pattern_vrect,,,,,,,,flag_up,2025-10-17 21:30:00+09:00,2025-10-20 09:15:00+09:00
2025-10-20 00:27:36.337498+00:00,price_fetch_start,corr-1760916262998,,JPY=X,15m,60d,,
2025-10-20 00:27:41.623760+00:00,pattern_draw,,,,,,,,flag_up,2025-10-17 21:30:00+09:00,2025-10-20 09:15:00+09:00,40,79.45912128811888
2025-10-20 00:27:41.646762+00:00,pattern_vrect,,,,,,,,flag_up,2025-10-17 21:30:00+09:00,2025-10-20 09:15:00+09:00
2025-10-20 00:27:48.756634+00:00,price_fetch_start,corr-1760916262998,,JPY=X,15m,60d,,
2025-10-20 00:27:49.214150+00:00,price_fetch_success,corr-1760916262998,yfinance_history,JPY=X,15m,60d,451,
2025-10-20 00:27:49.784145+00:00,price_fetch_success,corr-1760916262998,yfinance_download,JPY=X,15m,60d,566,
2025-10-20 00:27:57.059733+00:00,pattern_draw,,,,,,,,flag_up,2025-10-17 21:30:00+09:00,2025-10-20 09:15:00+09:00,40,79.46013535145835
2025-10-20 00:27:57.086735+00:00,pattern_vrect,,,,,,,,flag_up,2025-10-17 21:30:00+09:00,2025-10-20 09:15:00+09:00
2025-10-20 00:28:05.380373+00:00,price_fetch_start,corr-1760916262998,,JPY=X,15m,60d,,
2025-10-20 00:28:14.081829+00:00,pattern_draw,,,,,,,,flag_up,2025-10-17 21:30:00+09:00,2025-10-20 09:15:00+09:00,40,79.46013535145835
2025-10-20 00:28:14.095832+00:00,pattern_vrect,,,,,,,,flag_up,2025-10-17 21:30:00+09:00,2025-10-20 09:15:00+09:00
2025-10-20 00:30:46.787439+00:00,price_fetch_start,corr-1760916262998,,JPY=X,15m,60d,,
2025-10-20 00:30:47.298992+00:00,price_fetch_success,corr-1760916262998,yfinance_history,JPY=X,15m,60d,506,
2025-10-20 00:30:47.584926+00:00,price_fetch_success,corr-1760916262998,yfinance_download,JPY=X,15m,60d,280,
2025-10-20 00:30:55.570059+00:00,pattern_draw,,,,,,,,flag_up,2025-10-17 21:45:00+09:00,2025-10-20 09:30:00+09:00,40,80.45238134629372
2025-10-20 00:30:55.599063+00:00,pattern_vrect,,,,,,,,flag_up,2025-10-17 21:45:00+09:00,2025-10-20 09:30:00+09:00
2025-10-20 00:33:44.774645+00:00,price_fetch_start,corr-1760916262998,,JPY=X,15m,60d,,
2025-10-20 00:33:45.297661+00:00,price_fetch_success,corr-1760916262998,yfinance_history,JPY=X,15m,60d,519,
2025-10-20 00:33:45.736513+00:00,price_fetch_success,corr-1760916262998,yfinance_download,JPY=X,15m,60d,431,
2025-10-20 00:33:53.523875+00:00,pattern_draw,,,,,,,,flag_up,2025-10-17 21:45:00+09:00,2025-10-20 09:30:00+09:00,40,79.85898843695959
2025-10-20 00:33:53.533255+00:00,pattern_vrect,,,,,,,,flag_up,2025-10-17 21:45:00+09:00,2025-10-20 09:30:00+09:00
2025-10-20 00:36:42.727834+00:00,price_fetch_start,corr-1760916262998,,JPY=X,15m,60d,,
2025-10-20 00:36:43.217044+00:00,price_fetch_success,corr-1760916262998,yfinance_history,JPY=X,15m,60d,485,
2025-10-20 00:36:43.697375+00:00,price_fetch_success,corr-1760916262998,yfinance_download,JPY=X,15m,60d,479,
2025-10-20 00:36:52.707356+00:00,pattern_draw,,,,,,,,flag_up,2025-10-17 21:45:00+09:00,2025-10-20 09:30:00+09:00,40,79.8642614352457
2025-10-20 00:36:52.727355+00:00,pattern_vrect,,,,,,,,flag_up,2025-10-17 21:45:00+09:00,2025-10-20 09:30:00+09:00
2025-10-20 00:39:40.732893+00:00,price_fetch_start,corr-1760916262998,,JPY=X,15m,60d,,
2025-10-20 00:39:41.217625+00:00,price_fetch_success,corr-1760916262998,yfinance_history,JPY=X,15m,60d,475,
2025-10-20 00:39:41.849607+00:00,price_fetch_success,corr-1760916262998,yfinance_download,JPY=X,15m,60d,626,
2025-10-20 00:39:47.743382+00:00,pattern_draw,,,,,,,,flag_up,2025-10-17 21:45:00+09:00,2025-10-20 09:30:00+09:00,40,79.63608997132621
2025-10-20 00:39:47.775366+00:00,pattern_vrect,,,,,,,,flag_up,2025-10-17 21:45:00+09:00,2025-10-20 09:30:00+09:00
2025-10-20 00:42:38.703035+00:00,price_fetch_start,corr-1760916262998,,JPY=X,15m,60d,,
2025-10-20 00:42:39.157121+00:00,price_fetch_success,corr-1760916262998,yfinance_history,JPY=X,15m,60d,446,
2025-10-20 00:42:39.652853+00:00,price_fetch_success,corr-1760916262998,yfinance_download,JPY=X,15m,60d,492,
2025-10-20 00:42:46.230075+00:00,pattern_draw,,,,,,,,flag_up,2025-10-17 21:45:00+09:00,2025-10-20 09:30:00+09:00,40,79.63503602908582
2025-10-20 00:42:46.260067+00:00,pattern_vrect,,,,,,,,flag_up,2025-10-17 21:45:00+09:00,2025-10-20 09:30:00+09:00
2025-10-20 00:45:36.721039+00:00,price_fetch_start,corr-1760916262998,,JPY=X,15m,60d,,
2025-10-20 00:45:37.169346+00:00,price_fetch_success,corr-1760916262998,yfinance_history,JPY=X,15m,60d,443,
2025-10-20 00:45:37.619112+00:00,price_fetch_success,corr-1760916262998,yfinance_download,JPY=X,15m,60d,447,
2025-10-20 00:45:44.335223+00:00,pattern_draw,,,,,,,,flag_up,2025-10-17 22:00:00+09:00,2025-10-20 09:45:00+09:00,40,80.26199598724938
2025-10-20 00:45:44.350223+00:00,pattern_vrect,,,,,,,,flag_up,2025-10-17 22:00:00+09:00,2025-10-20 09:45:00+09:00
2025-10-20 00:48:34.846725+00:00,price_fetch_start,corr-1760916262998,,JPY=X,15m,60d,,
2025-10-20 00:48:35.282723+00:00,price_fetch_success,corr-1760916262998,yfinance_history,JPY=X,15m,60d,431,
2025-10-20 00:48:35.776798+00:00,price_fetch_success,corr-1760916262998,yfinance_download,JPY=X,15m,60d,491,
2025-10-20 00:48:41.998982+00:00,pattern_draw,,,,,,,,flag_up,2025-10-17 22:00:00+09:00,2025-10-20 09:45:00+09:00,40,79.84129181320309
2025-10-20 00:48:42.028967+00:00,pattern_vrect,,,,,,,,flag_up,2025-10-17 22:00:00+09:00,2025-10-20 09:45:00+09:00
2025-10-20 00:51:32.707805+00:00,price_fetch_start,corr-1760916262998,,JPY=X,15m,60d,,
2025-10-20 00:51:33.231184+00:00,price_fetch_success,corr-1760916262998,yfinance_history,JPY=X,15m,60d,509,
2025-10-20 00:51:33.693912+00:00,price_fetch_success,corr-1760916262998,yfinance_download,JPY=X,15m,60d,459,
2025-10-20 00:51:40.549212+00:00,pattern_draw,,,,,,,,flag_up,2025-10-17 22:00:00+09:00,2025-10-20 09:45:00+09:00,40,79.60517911497864
2025-10-20 00:51:40.567209+00:00,pattern_vrect,,,,,,,,flag_up,2025-10-17 22:00:00+09:00,2025-10-20 09:45:00+09:00
2025-10-20 00:54:30.707815+00:00,price_fetch_start,corr-1760916262998,,JPY=X,15m,60d,,
2025-10-20 00:54:31.128551+00:00,price_fetch_success,corr-1760916262998,yfinance_history,JPY=X,15m,60d,418,
2025-10-20 00:54:31.626186+00:00,price_fetch_success,corr-1760916262998,yfinance_download,JPY=X,15m,60d,496,
2025-10-20 00:54:38.507192+00:00,pattern_draw,,,,,,,,flag_up,2025-10-17 22:00:00+09:00,2025-10-20 09:45:00+09:00,40,79.36774146894116
2025-10-20 00:54:38.524286+00:00,pattern_vrect,,,,,,,,flag_up,2025-10-17 22:00:00+09:00,2025-10-20 09:45:00+09:00
2025-10-20 00:57:28.780024+00:00,price_fetch_start,corr-1760916262998,,JPY=X,15m,60d,,
2025-10-20 00:57:29.423449+00:00,price_fetch_success,corr-1760916262998,yfinance_history,JPY=X,15m,60d,639,
2025-10-20 00:57:29.939435+00:00,price_fetch_success,corr-1760916262998,yfinance_download,JPY=X,15m,60d,513,
2025-10-20 00:57:36.827149+00:00,pattern_draw,,,,,,,,flag_up,2025-10-17 22:00:00+09:00,2025-10-20 09:45:00+09:00,40,78.83023226099786
2025-10-20 00:57:36.844056+00:00,pattern_vrect,,,,,,,,flag_up,2025-10-17 22:00:00+09:00,2025-10-20 09:45:00+09:00
2025-10-20 01:00:26.726503+00:00,price_fetch_start,corr-1760916262998,,JPY=X,15m,60d,,
2025-10-20 01:00:27.057142+00:00,price_fetch_success,corr-1760916262998,yfinance_history,JPY=X,15m,60d,327,
2025-10-20 01:00:27.676269+00:00,price_fetch_success,corr-1760916262998,yfinance_download,JPY=X,15m,60d,616,
2025-10-20 01:00:35.911984+00:00,pattern_draw,,,,,,,,flag_up,2025-10-17 22:15:00+09:00,2025-10-20 10:00:00+09:00,40,79.53009269585299
2025-10-20 01:00:35.927985+00:00,pattern_vrect,,,,,,,,flag_up,2025-10-17 22:15:00+09:00,2025-10-20 10:00:00+09:00
2025-10-20 01:02:46.521785+00:00,price_fetch_start,corr-1760916262998,,JPY=X,15m,60d,,
2025-10-20 01:02:47.047410+00:00,price_fetch_success,corr-1760916262998,yfinance_history,JPY=X,15m,60d,520,
2025-10-20 01:02:47.628403+00:00,price_fetch_success,corr-1760916262998,yfinance_download,JPY=X,15m,60d,577,
2025-10-20 01:02:56.276868+00:00,pattern_draw,,,,,,,,flag_up,2025-10-17 22:15:00+09:00,2025-10-20 10:00:00+09:00,40,79.20965080946192
2025-10-20 01:02:56.298011+00:00,pattern_vrect,,,,,,,,flag_up,2025-10-17 22:15:00+09:00,2025-10-20 10:00:00+09:00
2025-10-20 01:03:08.666918+00:00,price_fetch_start,corr-1760916262998,,JPY=X,15m,60d,,
2025-10-20 01:03:16.199809+00:00,pattern_draw,,,,,,,,flag_up,2025-10-17 22:15:00+09:00,2025-10-20 10:00:00+09:00,40,79.20965080946192
2025-10-20 01:03:16.219797+00:00,pattern_vrect,,,,,,,,flag_up,2025-10-17 22:15:00+09:00,2025-10-20 10:00:00+09:00
2025-10-20 01:03:24.795017+00:00,price_fetch_start,corr-1760916262998,,JPY=X,15m,60d,,
2025-10-20 01:03:31.987858+00:00,pattern_draw,,,,,,,,flag_up,2025-10-17 22:15:00+09:00,2025-10-20 10:00:00+09:00,40,79.20965080946192
2025-10-20 01:03:32.005860+00:00,pattern_vrect,,,,,,,,flag_up,2025-10-17 22:15:00+09:00,2025-10-20 10:00:00+09:00
2025-10-20 01:06:22.795742+00:00,price_fetch_start,corr-1760916262998,,JPY=X,15m,60d,,
2025-10-20 01:06:23.275072+00:00,price_fetch_success,corr-1760916262998,yfinance_history,JPY=X,15m,60d,474,
2025-10-20 01:06:23.779043+00:00,price_fetch_success,corr-1760916262998,yfinance_download,JPY=X,15m,60d,500,
2025-10-20 01:06:33.104893+00:00,pattern_draw,,,,,,,,flag_up,2025-10-17 22:15:00+09:00,2025-10-20 10:00:00+09:00,40,78.89261890688779
2025-10-20 01:06:33.119891+00:00,pattern_vrect,,,,,,,,flag_up,2025-10-17 22:15:00+09:00,2025-10-20 10:00:00+09:00
2025-10-20 01:09:20.757264+00:00,price_fetch_start,corr-1760916262998,,JPY=X,15m,60d,,
2025-10-20 01:09:21.186522+00:00,price_fetch_success,corr-1760916262998,yfinance_history,JPY=X,15m,60d,422,
2025-10-20 01:09:21.675832+00:00,price_fetch_success,corr-1760916262998,yfinance_download,JPY=X,15m,60d,488,
2025-10-20 01:09:29.077734+00:00,pattern_draw,,,,,,,,flag_up,2025-10-17 22:15:00+09:00,2025-10-20 10:00:00+09:00,40,78.89850546417519
2025-10-20 01:09:29.097732+00:00,pattern_vrect,,,,,,,,flag_up,2025-10-17 22:15:00+09:00,2025-10-20 10:00:00+09:00
2025-10-20 01:12:18.785485+00:00,price_fetch_start,corr-1760916262998,,JPY=X,15m,60d,,
2025-10-20 01:12:19.237176+00:00,price_fetch_success,corr-1760916262998,yfinance_history,JPY=X,15m,60d,446,
2025-10-20 01:12:19.712630+00:00,price_fetch_success,corr-1760916262998,yfinance_download,JPY=X,15m,60d,473,
2025-10-20 01:12:27.916677+00:00,pattern_draw,,,,,,,,flag_up,2025-10-17 22:15:00+09:00,2025-10-20 10:00:00+09:00,40,78.52889014352486
2025-10-20 01:12:27.930677+00:00,pattern_vrect,,,,,,,,flag_up,2025-10-17 22:15:00+09:00,2025-10-20 10:00:00+09:00
2025-10-20 01:15:16.864750+00:00,price_fetch_start,corr-1760916262998,,JPY=X,15m,60d,,
2025-10-20 01:15:17.309771+00:00,price_fetch_success,corr-1760916262998,yfinance_history,JPY=X,15m,60d,441,
2025-10-20 01:15:17.637929+00:00,price_fetch_success,corr-1760916262998,yfinance_download,JPY=X,15m,60d,324,
2025-10-20 01:15:24.982166+00:00,pattern_draw,,,,,,,,flag_up,2025-10-17 22:30:00+09:00,2025-10-20 10:15:00+09:00,40,74.29622020607822
2025-10-20 01:15:25.019151+00:00,pattern_vrect,,,,,,,,flag_up,2025-10-17 22:30:00+09:00,2025-10-20 10:15:00+09:00
2025-10-20 01:18:14.835287+00:00,price_fetch_start,corr-1760916262998,,JPY=X,15m,60d,,
2025-10-20 01:18:15.364581+00:00,price_fetch_success,corr-1760916262998,yfinance_history,JPY=X,15m,60d,520,
2025-10-20 01:18:15.884296+00:00,price_fetch_success,corr-1760916262998,yfinance_download,JPY=X,15m,60d,513,
2025-10-20 01:18:24.425800+00:00,pattern_draw,,,,,,,,flag_up,2025-10-17 22:30:00+09:00,2025-10-20 10:15:00+09:00,40,74.12977620137633
2025-10-20 01:18:24.445799+00:00,pattern_vrect,,,,,,,,flag_up,2025-10-17 22:30:00+09:00,2025-10-20 10:15:00+09:00
2025-10-20 01:21:12.834173+00:00,price_fetch_start,corr-1760916262998,,JPY=X,15m,60d,,
2025-10-20 01:21:13.262158+00:00,price_fetch_success,corr-1760916262998,yfinance_history,JPY=X,15m,60d,423,
2025-10-20 01:21:13.651303+00:00,price_fetch_success,corr-1760916262998,yfinance_download,JPY=X,15m,60d,386,
2025-10-20 01:21:21.435976+00:00,pattern_draw,,,,,,,,flag_up,2025-10-17 22:30:00+09:00,2025-10-20 10:15:00+09:00,40,73.86140607967867
2025-10-20 01:21:21.458978+00:00,pattern_vrect,,,,,,,,flag_up,2025-10-17 22:30:00+09:00,2025-10-20 10:15:00+09:00
2025-10-20 01:24:10.778944+00:00,price_fetch_start,corr-1760916262998,,JPY=X,15m,60d,,
2025-10-20 01:24:11.278004+00:00,price_fetch_success,corr-1760916262998,yfinance_history,JPY=X,15m,60d,489,
2025-10-20 01:24:11.757439+00:00,price_fetch_success,corr-1760916262998,yfinance_download,JPY=X,15m,60d,474,
2025-10-20 01:24:21.735028+00:00,pattern_draw,,,,,,,,flag_up,2025-10-17 22:30:00+09:00,2025-10-20 10:15:00+09:00,40,73.84401446802926
2025-10-20 01:24:21.748034+00:00,pattern_vrect,,,,,,,,flag_up,2025-10-17 22:30:00+09:00,2025-10-20 10:15:00+09:00
2025-10-20 01:27:08.827324+00:00,price_fetch_start,corr-1760916262998,,JPY=X,15m,60d,,
2025-10-20 01:27:09.355335+00:00,price_fetch_success,corr-1760916262998,yfinance_history,JPY=X,15m,60d,517,
2025-10-20 01:27:09.952064+00:00,price_fetch_success,corr-1760916262998,yfinance_download,JPY=X,15m,60d,583,
2025-10-20 01:27:17.742931+00:00,pattern_draw,,,,,,,,flag_up,2025-10-17 22:30:00+09:00,2025-10-20 10:15:00+09:00,40,73.86688034916217
2025-10-20 01:27:17.762930+00:00,pattern_vrect,,,,,,,,flag_up,2025-10-17 22:30:00+09:00,2025-10-20 10:15:00+09:00
2025-10-20 01:30:06.815146+00:00,price_fetch_start,corr-1760916262998,,JPY=X,15m,60d,,
2025-10-20 01:30:07.290148+00:00,price_fetch_success,corr-1760916262998,yfinance_history,JPY=X,15m,60d,471,
2025-10-20 01:30:07.828980+00:00,price_fetch_success,corr-1760916262998,yfinance_download,JPY=X,15m,60d,536,
2025-10-20 01:30:15.933586+00:00,pattern_draw,,,,,,,,flag_up,2025-10-17 22:45:00+09:00,2025-10-20 10:30:00+09:00,40,74.50646568955048
2025-10-20 01:30:15.977602+00:00,pattern_vrect,,,,,,,,flag_up,2025-10-17 22:45:00+09:00,2025-10-20 10:30:00+09:00
2025-10-20 01:33:05.686244+00:00,price_fetch_start,corr-1760916262998,,JPY=X,15m,60d,,
2025-10-20 01:33:06.247226+00:00,price_fetch_success,corr-1760916262998,yfinance_history,JPY=X,15m,60d,555,
2025-10-20 01:33:06.726485+00:00,price_fetch_success,corr-1760916262998,yfinance_download,JPY=X,15m,60d,474,
2025-10-20 01:34:46.215220+00:00,price_fetch_start,corr-1760924086215,,JPY=X,15m,60d,,
2025-10-20 01:34:46.679677+00:00,price_fetch_success,corr-1760924086215,yfinance_history,JPY=X,15m,60d,454,
2025-10-20 01:34:47.218402+00:00,price_fetch_success,corr-1760924086215,yfinance_download,JPY=X,15m,60d,536,
2025-10-20 01:34:54.423509+00:00,pattern_draw,,,,,,,,flag_up,2025-10-17 22:45:00+09:00,2025-10-20 10:30:00+09:00,40,74.17439519293187
2025-10-20 01:34:54.442508+00:00,pattern_vrect,,,,,,,,flag_up,2025-10-17 22:45:00+09:00,2025-10-20 10:30:00+09:00
2025-10-20 01:35:00.028000+00:00,price_fetch_start,corr-1760924086215,,JPY=X,15m,60d,,
2025-10-20 01:35:07.355313+00:00,pattern_draw,,,,,,,,flag_up,2025-10-17 22:45:00+09:00,2025-10-20 10:30:00+09:00,40,74.17439519293187
2025-10-20 01:35:07.376556+00:00,pattern_vrect,,,,,,,,flag_up,2025-10-17 22:45:00+09:00,2025-10-20 10:30:00+09:00
2025-10-20 01:36:21.484280+00:00,price_fetch_start,corr-1760924086215,,JPY=X,15m,60d,,
2025-10-20 01:36:22.034304+00:00,price_fetch_success,corr-1760924086215,yfinance_history,JPY=X,15m,60d,546,
2025-10-20 01:36:22.615773+00:00,price_fetch_success,corr-1760924086215,yfinance_download,JPY=X,15m,60d,575,
2025-10-20 01:36:30.931517+00:00,pattern_draw,,,,,,,,flag_up,2025-10-17 22:45:00+09:00,2025-10-20 10:30:00+09:00,40,74.17611398874648
2025-10-20 01:36:30.956637+00:00,pattern_vrect,,,,,,,,flag_up,2025-10-17 22:45:00+09:00,2025-10-20 10:30:00+09:00
2025-10-20 01:44:48.300801+00:00,price_fetch_start,corr-1760924086215,,JPY=X,15m,60d,,
2025-10-20 01:44:48.684883+00:00,price_fetch_success,corr-1760924086215,yfinance_history,JPY=X,15m,60d,378,
2025-10-20 01:44:49.077228+00:00,price_fetch_success,corr-1760924086215,yfinance_download,JPY=X,15m,60d,389,
2025-10-20 01:44:57.283317+00:00,pattern_draw,,,,,,,,flag_up,2025-10-17 22:45:00+09:00,2025-10-20 10:30:00+09:00,40,74.10785787154755
2025-10-20 01:44:57.313320+00:00,pattern_vrect,,,,,,,,flag_up,2025-10-17 22:45:00+09:00,2025-10-20 10:30:00+09:00
2025-10-20 01:53:35.661123+00:00,price_fetch_start,corr-1760924086215,,JPY=X,15m,60d,,
2025-10-20 01:53:36.179294+00:00,price_fetch_success,corr-1760924086215,yfinance_history,JPY=X,15m,60d,508,
2025-10-20 01:53:36.661184+00:00,price_fetch_success,corr-1760924086215,yfinance_download,JPY=X,15m,60d,476,
2025-10-20 01:53:42.700390+00:00,pattern_draw,,,,,,,,flag_up,2025-10-17 23:00:00+09:00,2025-10-20 10:45:00+09:00,40,76.74292008008074
2025-10-20 01:53:42.723397+00:00,pattern_vrect,,,,,,,,flag_up,2025-10-17 23:00:00+09:00,2025-10-20 10:45:00+09:00
2025-10-20 01:53:51.818211+00:00,price_fetch_start,corr-1760924086215,,JPY=X,15m,60d,,
2025-10-20 01:53:58.582742+00:00,pattern_draw,,,,,,,,flag_up,2025-10-17 23:00:00+09:00,2025-10-20 10:45:00+09:00,40,76.74292008008074
2025-10-20 01:53:58.600867+00:00,pattern_vrect,,,,,,,,flag_up,2025-10-17 23:00:00+09:00,2025-10-20 10:45:00+09:00
2025-10-20 01:54:14.763529+00:00,price_fetch_start,corr-1760924086215,,JPY=X,15m,60d,,
2025-10-20 01:54:22.524236+00:00,pattern_draw,,,,,,,,flag_up,2025-10-17 23:00:00+09:00,2025-10-20 10:45:00+09:00,40,76.74292008008074
2025-10-20 01:54:22.547336+00:00,pattern_vrect,,,,,,,,flag_up,2025-10-17 23:00:00+09:00,2025-10-20 10:45:00+09:00
2025-10-20 01:54:48.260613+00:00,price_fetch_start,corr-1760924086215,,JPY=X,15m,60d,,
2025-10-20 01:54:48.712758+00:00,price_fetch_success,corr-1760924086215,yfinance_history,JPY=X,15m,60d,450,
2025-10-20 01:54:49.216418+00:00,price_fetch_success,corr-1760924086215,yfinance_download,JPY=X,15m,60d,498,
2025-10-20 01:54:58.098072+00:00,pattern_draw,,,,,,,,flag_up,2025-10-17 23:00:00+09:00,2025-10-20 10:45:00+09:00,40,76.74258697822015
2025-10-20 01:54:58.116070+00:00,pattern_vrect,,,,,,,,flag_up,2025-10-17 23:00:00+09:00,2025-10-20 10:45:00+09:00
2025-10-20 02:03:15.807394+00:00,price_fetch_start,corr-1760924086215,,JPY=X,15m,60d,,
2025-10-20 02:03:16.333114+00:00,price_fetch_success,corr-1760924086215,yfinance_history,JPY=X,15m,60d,520,
2025-10-20 02:03:16.785246+00:00,price_fetch_start,corr-1760924086215,,JPY=X,15m,60d,,
2025-10-20 02:03:18.204320+00:00,price_fetch_start,corr-1760924086215,,JPY=X,15m,60d,,
2025-10-20 02:03:19.286278+00:00,price_fetch_start,corr-1760924086215,,JPY=X,15m,60d,,
2025-10-20 02:03:19.826375+00:00,price_fetch_success,corr-1760924086215,yfinance_history,JPY=X,15m,60d,537,
2025-10-20 02:03:20.766904+00:00,price_fetch_success,corr-1760924086215,yfinance_download,JPY=X,15m,60d,938,
2025-10-20 02:03:28.728181+00:00,pattern_draw,,,,,,,,flag_up,2025-10-17 23:15:00+09:00,2025-10-20 11:00:00+09:00,40,84.09278220102755
2025-10-20 02:03:28.785703+00:00,pattern_vrect,,,,,,,,flag_up,2025-10-17 23:15:00+09:00,2025-10-20 11:00:00+09:00
2025-10-20 02:06:26.926652+00:00,price_fetch_start,corr-1760924086215,,JPY=X,15m,60d,,
2025-10-20 02:06:27.390402+00:00,price_fetch_success,corr-1760924086215,yfinance_history,JPY=X,15m,60d,459,
2025-10-20 02:06:28.011730+00:00,price_fetch_success,corr-1760924086215,yfinance_download,JPY=X,15m,60d,620,
2025-10-20 02:06:36.874310+00:00,pattern_draw,,,,,,,,flag_up,2025-10-17 23:15:00+09:00,2025-10-20 11:00:00+09:00,40,83.98613489266364
2025-10-20 02:06:36.905295+00:00,pattern_vrect,,,,,,,,flag_up,2025-10-17 23:15:00+09:00,2025-10-20 11:00:00+09:00
2025-10-20 02:09:33.965028+00:00,price_fetch_start,corr-1760924086215,,JPY=X,15m,60d,,
2025-10-20 02:09:34.495841+00:00,price_fetch_success,corr-1760924086215,yfinance_history,JPY=X,15m,60d,525,
2025-10-20 02:09:35.128978+00:00,price_fetch_success,corr-1760924086215,yfinance_download,JPY=X,15m,60d,628,
2025-10-20 02:09:42.744999+00:00,pattern_draw,,,,,,,,flag_up,2025-10-17 23:15:00+09:00,2025-10-20 11:00:00+09:00,40,83.97178341614482
2025-10-20 02:09:42.765014+00:00,pattern_vrect,,,,,,,,flag_up,2025-10-17 23:15:00+09:00,2025-10-20 11:00:00+09:00
2025-10-20 02:12:40.906627+00:00,price_fetch_start,corr-1760924086215,,JPY=X,15m,60d,,
2025-10-20 02:12:41.361224+00:00,price_fetch_success,corr-1760924086215,yfinance_history,JPY=X,15m,60d,451,
2025-10-20 02:12:41.943731+00:00,price_fetch_success,corr-1760924086215,yfinance_download,JPY=X,15m,60d,577,
2025-10-20 02:12:50.581763+00:00,pattern_draw,,,,,,,,flag_up,2025-10-17 23:15:00+09:00,2025-10-20 11:00:00+09:00,40,83.96899545937703
2025-10-20 02:12:50.599747+00:00,pattern_vrect,,,,,,,,flag_up,2025-10-17 23:15:00+09:00,2025-10-20 11:00:00+09:00
2025-10-20 02:15:47.934978+00:00,price_fetch_start,corr-1760924086215,,JPY=X,15m,60d,,
2025-10-20 02:15:48.355021+00:00,price_fetch_success,corr-1760924086215,yfinance_history,JPY=X,15m,60d,416,
2025-10-20 02:15:48.833540+00:00,price_fetch_success,corr-1760924086215,yfinance_download,JPY=X,15m,60d,477,
2025-10-20 02:15:56.148755+00:00,pattern_draw,,,,,,,,flag_up,2025-10-17 23:30:00+09:00,2025-10-20 11:15:00+09:00,40,86.46555990997533
2025-10-20 02:15:56.171754+00:00,pattern_vrect,,,,,,,,flag_up,2025-10-17 23:30:00+09:00,2025-10-20 11:15:00+09:00
2025-10-20 02:18:54.901028+00:00,price_fetch_start,corr-1760924086215,,JPY=X,15m,60d,,
2025-10-20 02:18:55.440748+00:00,price_fetch_success,corr-1760924086215,yfinance_history,JPY=X,15m,60d,534,
2025-10-20 02:18:55.953999+00:00,price_fetch_success,corr-1760924086215,yfinance_download,JPY=X,15m,60d,510,
2025-10-20 02:19:03.115909+00:00,pattern_draw,,,,,,,,flag_up,2025-10-17 23:30:00+09:00,2025-10-20 11:15:00+09:00,40,86.32127018606484
2025-10-20 02:19:03.141874+00:00,pattern_vrect,,,,,,,,flag_up,2025-10-17 23:30:00+09:00,2025-10-20 11:15:00+09:00
2025-10-20 02:22:01.807959+00:00,price_fetch_start,corr-1760924086215,,JPY=X,15m,60d,,
2025-10-20 02:22:02.284776+00:00,price_fetch_success,corr-1760924086215,yfinance_history,JPY=X,15m,60d,472,
2025-10-20 02:22:02.775785+00:00,price_fetch_success,corr-1760924086215,yfinance_download,JPY=X,15m,60d,487,
2025-10-20 02:22:09.004328+00:00,pattern_draw,,,,,,,,flag_up,2025-10-17 23:30:00+09:00,2025-10-20 11:15:00+09:00,40,86.27111205111319
2025-10-20 02:22:09.022336+00:00,pattern_vrect,,,,,,,,flag_up,2025-10-17 23:30:00+09:00,2025-10-20 11:15:00+09:00
2025-10-20 02:25:08.952595+00:00,price_fetch_start,corr-1760924086215,,JPY=X,15m,60d,,
2025-10-20 02:25:09.440154+00:00,price_fetch_success,corr-1760924086215,yfinance_history,JPY=X,15m,60d,482,
2025-10-20 02:25:09.979867+00:00,price_fetch_success,corr-1760924086215,yfinance_download,JPY=X,15m,60d,536,
2025-10-20 02:25:17.021112+00:00,pattern_draw,,,,,,,,flag_up,2025-10-17 23:30:00+09:00,2025-10-20 11:15:00+09:00,40,86.00936464582792
2025-10-20 02:25:17.046112+00:00,pattern_vrect,,,,,,,,flag_up,2025-10-17 23:30:00+09:00,2025-10-20 11:15:00+09:00
2025-10-20 02:28:15.999040+00:00,price_fetch_start,corr-1760924086215,,JPY=X,15m,60d,,
2025-10-20 02:28:16.391599+00:00,price_fetch_success,corr-1760924086215,yfinance_history,JPY=X,15m,60d,385,
2025-10-20 02:28:16.917753+00:00,price_fetch_success,corr-1760924086215,yfinance_download,JPY=X,15m,60d,522,
2025-10-20 02:28:26.520940+00:00,pattern_draw,,,,,,,,flag_up,2025-10-17 23:30:00+09:00,2025-10-20 11:15:00+09:00,40,85.87582364524037
2025-10-20 02:28:26.541993+00:00,pattern_vrect,,,,,,,,flag_up,2025-10-17 23:30:00+09:00,2025-10-20 11:15:00+09:00
2025-10-20 02:31:22.890554+00:00,price_fetch_start,corr-1760924086215,,JPY=X,15m,60d,,
2025-10-20 02:31:23.330085+00:00,price_fetch_success,corr-1760924086215,yfinance_history,JPY=X,15m,60d,435,
2025-10-20 02:31:23.924310+00:00,price_fetch_success,corr-1760924086215,yfinance_download,JPY=X,15m,60d,592,
2025-10-20 02:31:32.396294+00:00,pattern_draw,,,,,,,,flag_up,2025-10-17 23:45:00+09:00,2025-10-20 11:30:00+09:00,40,85.20808801332696
2025-10-20 02:31:32.423292+00:00,pattern_vrect,,,,,,,,flag_up,2025-10-17 23:45:00+09:00,2025-10-20 11:30:00+09:00
2025-10-20 02:34:30.038395+00:00,price_fetch_start,corr-1760924086215,,JPY=X,15m,60d,,
2025-10-20 02:34:30.535186+00:00,price_fetch_success,corr-1760924086215,yfinance_history,JPY=X,15m,60d,491,
2025-10-20 02:34:31.946524+00:00,price_fetch_success,corr-1760924086215,yfinance_download,JPY=X,15m,60d,1409,
2025-10-20 02:34:37.533092+00:00,pattern_draw,,,,,,,,flag_up,2025-10-17 23:45:00+09:00,2025-10-20 11:30:00+09:00,40,85.16872200057608
2025-10-20 02:34:37.562092+00:00,pattern_vrect,,,,,,,,flag_up,2025-10-17 23:45:00+09:00,2025-10-20 11:30:00+09:00
2025-10-20 02:37:36.992908+00:00,price_fetch_start,corr-1760924086215,,JPY=X,15m,60d,,
2025-10-20 02:37:37.463935+00:00,price_fetch_success,corr-1760924086215,yfinance_history,JPY=X,15m,60d,463,
2025-10-20 02:37:37.990785+00:00,price_fetch_success,corr-1760924086215,yfinance_download,JPY=X,15m,60d,522,
2025-10-20 02:37:45.634783+00:00,pattern_draw,,,,,,,,flag_up,2025-10-17 23:45:00+09:00,2025-10-20 11:30:00+09:00,40,85.05979119272028
2025-10-20 02:37:45.661783+00:00,pattern_vrect,,,,,,,,flag_up,2025-10-17 23:45:00+09:00,2025-10-20 11:30:00+09:00
2025-10-20 02:40:44.035831+00:00,price_fetch_start,corr-1760924086215,,JPY=X,15m,60d,,
2025-10-20 02:40:44.663802+00:00,price_fetch_success,corr-1760924086215,yfinance_history,JPY=X,15m,60d,620,
2025-10-20 02:40:45.362182+00:00,price_fetch_success,corr-1760924086215,yfinance_download,JPY=X,15m,60d,682,
2025-10-20 02:40:53.389932+00:00,pattern_draw,,,,,,,,flag_up,2025-10-17 23:45:00+09:00,2025-10-20 11:30:00+09:00,40,84.99405030539371
2025-10-20 02:40:53.397443+00:00,pattern_vrect,,,,,,,,flag_up,2025-10-17 23:45:00+09:00,2025-10-20 11:30:00+09:00
2025-10-20 02:43:50.905018+00:00,price_fetch_start,corr-1760924086215,,JPY=X,15m,60d,,
2025-10-20 02:43:51.323611+00:00,price_fetch_success,corr-1760924086215,yfinance_history,JPY=X,15m,60d,414,
2025-10-20 02:43:51.815466+00:00,price_fetch_success,corr-1760924086215,yfinance_download,JPY=X,15m,60d,488,
2025-10-20 02:43:59.050200+00:00,pattern_draw,,,,,,,,flag_up,2025-10-17 23:45:00+09:00,2025-10-20 11:30:00+09:00,40,84.94505543500797
2025-10-20 02:43:59.067200+00:00,pattern_vrect,,,,,,,,flag_up,2025-10-17 23:45:00+09:00,2025-10-20 11:30:00+09:00
2025-10-20 02:46:57.999908+00:00,price_fetch_start,corr-1760924086215,,JPY=X,15m,60d,,
2025-10-20 02:46:58.496317+00:00,price_fetch_success,corr-1760924086215,yfinance_history,JPY=X,15m,60d,491,
2025-10-20 02:46:58.972163+00:00,price_fetch_success,corr-1760924086215,yfinance_download,JPY=X,15m,60d,469,
2025-10-20 02:47:06.729400+00:00,pattern_draw,,,,,,,,flag_up,2025-10-18 00:00:00+09:00,2025-10-20 11:45:00+09:00,40,82.82168190879788
2025-10-20 02:47:06.766386+00:00,pattern_vrect,,,,,,,,flag_up,2025-10-18 00:00:00+09:00,2025-10-20 11:45:00+09:00
2025-10-20 02:50:04.877489+00:00,price_fetch_start,corr-1760924086215,,JPY=X,15m,60d,,
2025-10-20 02:50:05.508244+00:00,price_fetch_success,corr-1760924086215,yfinance_history,JPY=X,15m,60d,623,
2025-10-20 02:50:06.084210+00:00,price_fetch_success,corr-1760924086215,yfinance_download,JPY=X,15m,60d,568,
2025-10-20 02:50:15.039648+00:00,pattern_draw,,,,,,,,flag_up,2025-10-18 00:00:00+09:00,2025-10-20 11:45:00+09:00,40,82.76024840664368
2025-10-20 02:50:15.053647+00:00,pattern_vrect,,,,,,,,flag_up,2025-10-18 00:00:00+09:00,2025-10-20 11:45:00+09:00
2025-10-20 02:53:11.884288+00:00,price_fetch_start,corr-1760924086215,,JPY=X,15m,60d,,
2025-10-20 02:53:12.338361+00:00,price_fetch_success,corr-1760924086215,yfinance_history,JPY=X,15m,60d,449,
2025-10-20 02:53:12.575701+00:00,price_fetch_success,corr-1760924086215,yfinance_download,JPY=X,15m,60d,232,
2025-10-20 02:53:19.391614+00:00,pattern_draw,,,,,,,,flag_up,2025-10-18 00:00:00+09:00,2025-10-20 11:45:00+09:00,40,82.67374706850049
2025-10-20 02:53:19.412054+00:00,pattern_vrect,,,,,,,,flag_up,2025-10-18 00:00:00+09:00,2025-10-20 11:45:00+09:00
2025-10-20 02:56:18.899345+00:00,price_fetch_start,corr-1760924086215,,JPY=X,15m,60d,,
2025-10-20 02:56:19.406159+00:00,price_fetch_success,corr-1760924086215,yfinance_history,JPY=X,15m,60d,501,
2025-10-20 02:56:20.010493+00:00,price_fetch_success,corr-1760924086215,yfinance_download,JPY=X,15m,60d,600,
2025-10-20 02:56:29.109273+00:00,pattern_draw,,,,,,,,flag_up,2025-10-18 00:00:00+09:00,2025-10-20 11:45:00+09:00,40,82.68884933789008
2025-10-20 02:56:29.136182+00:00,pattern_vrect,,,,,,,,flag_up,2025-10-18 00:00:00+09:00,2025-10-20 11:45:00+09:00
2025-10-20 02:59:25.926168+00:00,price_fetch_start,corr-1760924086215,,JPY=X,15m,60d,,
2025-10-20 02:59:26.439164+00:00,price_fetch_success,corr-1760924086215,yfinance_history,JPY=X,15m,60d,505,
2025-10-20 02:59:26.925376+00:00,price_fetch_success,corr-1760924086215,yfinance_download,JPY=X,15m,60d,483,
2025-10-20 02:59:32.260883+00:00,pattern_draw,,,,,,,,flag_up,2025-10-18 00:00:00+09:00,2025-10-20 11:45:00+09:00,40,82.67812305492424
2025-10-20 02:59:32.280897+00:00,pattern_vrect,,,,,,,,flag_up,2025-10-18 00:00:00+09:00,2025-10-20 11:45:00+09:00
2025-10-20 03:02:32.740194+00:00,price_fetch_start,corr-1760924086215,,JPY=X,15m,60d,,
2025-10-20 03:02:33.300853+00:00,price_fetch_success,corr-1760924086215,yfinance_history,JPY=X,15m,60d,550,
2025-10-20 03:02:33.851717+00:00,price_fetch_success,corr-1760924086215,yfinance_download,JPY=X,15m,60d,545,
2025-10-20 03:02:42.011552+00:00,pattern_draw,,,,,,,,flag_up,2025-10-18 00:15:00+09:00,2025-10-20 12:00:00+09:00,40,80.54849462496104
2025-10-20 03:02:42.043542+00:00,pattern_vrect,,,,,,,,flag_up,2025-10-18 00:15:00+09:00,2025-10-20 12:00:00+09:00
2025-10-20 03:05:39.906418+00:00,price_fetch_start,corr-1760924086215,,JPY=X,15m,60d,,
2025-10-20 03:05:40.543996+00:00,price_fetch_success,corr-1760924086215,yfinance_history,JPY=X,15m,60d,631,
2025-10-20 03:05:41.024497+00:00,price_fetch_success,corr-1760924086215,yfinance_download,JPY=X,15m,60d,475,
2025-10-20 03:05:48.661176+00:00,pattern_draw,,,,,,,,flag_up,2025-10-18 00:15:00+09:00,2025-10-20 12:00:00+09:00,40,80.47245117787523
2025-10-20 03:05:48.693160+00:00,pattern_vrect,,,,,,,,flag_up,2025-10-18 00:15:00+09:00,2025-10-20 12:00:00+09:00
2025-10-20 03:08:46.885915+00:00,price_fetch_start,corr-1760924086215,,JPY=X,15m,60d,,
2025-10-20 03:08:47.385923+00:00,price_fetch_success,corr-1760924086215,yfinance_history,JPY=X,15m,60d,496,
2025-10-20 03:08:47.862093+00:00,price_fetch_success,corr-1760924086215,yfinance_download,JPY=X,15m,60d,472,
2025-10-20 03:08:53.573617+00:00,pattern_draw,,,,,,,,flag_up,2025-10-18 00:15:00+09:00,2025-10-20 12:00:00+09:00,40,80.47609510101344
2025-10-20 03:08:53.602607+00:00,pattern_vrect,,,,,,,,flag_up,2025-10-18 00:15:00+09:00,2025-10-20 12:00:00+09:00
2025-10-20 03:11:54.052472+00:00,price_fetch_start,corr-1760924086215,,JPY=X,15m,60d,,
2025-10-20 03:11:54.482575+00:00,price_fetch_success,corr-1760924086215,yfinance_history,JPY=X,15m,60d,424,
2025-10-20 03:11:54.984083+00:00,price_fetch_success,corr-1760924086215,yfinance_download,JPY=X,15m,60d,498,
2025-10-20 03:12:02.593340+00:00,pattern_draw,,,,,,,,flag_up,2025-10-18 00:15:00+09:00,2025-10-20 12:00:00+09:00,40,80.4556263245444
2025-10-20 03:12:02.626355+00:00,pattern_vrect,,,,,,,,flag_up,2025-10-18 00:15:00+09:00,2025-10-20 12:00:00+09:00
2025-10-20 03:15:00.858881+00:00,price_fetch_start,corr-1760924086215,,JPY=X,15m,60d,,
2025-10-20 03:15:01.352388+00:00,price_fetch_success,corr-1760924086215,yfinance_history,JPY=X,15m,60d,488,
2025-10-20 03:15:02.054145+00:00,price_fetch_success,corr-1760924086215,yfinance_download,JPY=X,15m,60d,697,
2025-10-20 03:15:09.658917+00:00,pattern_draw,,,,,,,,flag_up,2025-10-18 00:15:00+09:00,2025-10-20 12:00:00+09:00,40,80.44865414475069
2025-10-20 03:15:09.685899+00:00,pattern_vrect,,,,,,,,flag_up,2025-10-18 00:15:00+09:00,2025-10-20 12:00:00+09:00
2025-10-20 03:18:07.802226+00:00,price_fetch_start,corr-1760924086215,,JPY=X,15m,60d,,
2025-10-20 03:18:08.318227+00:00,price_fetch_success,corr-1760924086215,yfinance_history,JPY=X,15m,60d,504,
2025-10-20 03:18:08.829045+00:00,price_fetch_success,corr-1760924086215,yfinance_download,JPY=X,15m,60d,506,
2025-10-20 03:18:16.365206+00:00,pattern_draw,,,,,,,,flag_up,2025-10-18 00:30:00+09:00,2025-10-20 12:15:00+09:00,40,81.07146326115443
2025-10-20 03:18:16.384206+00:00,pattern_vrect,,,,,,,,flag_up,2025-10-18 00:30:00+09:00,2025-10-20 12:15:00+09:00
2025-10-20 03:21:14.937310+00:00,price_fetch_start,corr-1760924086215,,JPY=X,15m,60d,,
2025-10-20 03:21:15.494735+00:00,price_fetch_success,corr-1760924086215,yfinance_history,JPY=X,15m,60d,547,
2025-10-20 03:21:16.246565+00:00,price_fetch_success,corr-1760924086215,yfinance_download,JPY=X,15m,60d,747,
2025-10-20 03:21:24.138137+00:00,pattern_draw,,,,,,,,flag_up,2025-10-18 00:30:00+09:00,2025-10-20 12:15:00+09:00,40,80.88076167787106
2025-10-20 03:21:24.157111+00:00,pattern_vrect,,,,,,,,flag_up,2025-10-18 00:30:00+09:00,2025-10-20 12:15:00+09:00
2025-10-20 03:24:21.934975+00:00,price_fetch_start,corr-1760924086215,,JPY=X,15m,60d,,
2025-10-20 03:24:22.547286+00:00,price_fetch_success,corr-1760924086215,yfinance_history,JPY=X,15m,60d,609,
2025-10-20 03:24:23.326660+00:00,price_fetch_success,corr-1760924086215,yfinance_download,JPY=X,15m,60d,772,
2025-10-20 03:24:32.108203+00:00,pattern_draw,,,,,,,,flag_up,2025-10-18 00:30:00+09:00,2025-10-20 12:15:00+09:00,40,80.78564897009826
2025-10-20 03:24:32.161093+00:00,pattern_vrect,,,,,,,,flag_up,2025-10-18 00:30:00+09:00,2025-10-20 12:15:00+09:00
2025-10-20 03:27:28.898595+00:00,price_fetch_start,corr-1760924086215,,JPY=X,15m,60d,,
2025-10-20 03:27:29.256454+00:00,price_fetch_success,corr-1760924086215,yfinance_history,JPY=X,15m,60d,348,
2025-10-20 03:27:29.709315+00:00,price_fetch_success,corr-1760924086215,yfinance_download,JPY=X,15m,60d,448,
2025-10-20 03:27:37.009725+00:00,pattern_draw,,,,,,,,flag_up,2025-10-18 00:30:00+09:00,2025-10-20 12:15:00+09:00,40,80.78895020437189
2025-10-20 03:27:37.034727+00:00,pattern_vrect,,,,,,,,flag_up,2025-10-18 00:30:00+09:00,2025-10-20 12:15:00+09:00
2025-10-20 03:30:35.987037+00:00,price_fetch_start,corr-1760924086215,,JPY=X,15m,60d,,
2025-10-20 03:30:36.510025+00:00,price_fetch_success,corr-1760924086215,yfinance_history,JPY=X,15m,60d,518,
2025-10-20 03:30:36.935175+00:00,price_fetch_success,corr-1760924086215,yfinance_download,JPY=X,15m,60d,421,
2025-10-20 03:30:44.321173+00:00,pattern_draw,,,,,,,,flag_up,2025-10-18 00:45:00+09:00,2025-10-20 12:30:00+09:00,40,78.97487444649144
2025-10-20 03:30:44.328208+00:00,pattern_vrect,,,,,,,,flag_up,2025-10-18 00:45:00+09:00,2025-10-20 12:30:00+09:00
2025-10-20 03:33:42.816433+00:00,price_fetch_start,corr-1760924086215,,JPY=X,15m,60d,,
2025-10-20 03:33:43.327444+00:00,price_fetch_success,corr-1760924086215,yfinance_history,JPY=X,15m,60d,506,
2025-10-20 03:33:43.907468+00:00,price_fetch_success,corr-1760924086215,yfinance_download,JPY=X,15m,60d,575,
2025-10-20 03:33:52.584888+00:00,pattern_draw,,,,,,,,flag_up,2025-10-18 00:45:00+09:00,2025-10-20 12:30:00+09:00,40,78.81545211066248
2025-10-20 03:33:52.604888+00:00,pattern_vrect,,,,,,,,flag_up,2025-10-18 00:45:00+09:00,2025-10-20 12:30:00+09:00
2025-10-20 03:36:50.045825+00:00,price_fetch_start,corr-1760924086215,,JPY=X,15m,60d,,
2025-10-20 03:36:50.575053+00:00,price_fetch_success,corr-1760924086215,yfinance_history,JPY=X,15m,60d,525,
2025-10-20 03:36:51.095509+00:00,price_fetch_success,corr-1760924086215,yfinance_download,JPY=X,15m,60d,517,
2025-10-20 03:36:59.734216+00:00,pattern_draw,,,,,,,,flag_up,2025-10-18 00:45:00+09:00,2025-10-20 12:30:00+09:00,40,78.78290962396522
2025-10-20 03:36:59.751217+00:00,pattern_vrect,,,,,,,,flag_up,2025-10-18 00:45:00+09:00,2025-10-20 12:30:00+09:00
2025-10-20 03:39:57.007370+00:00,price_fetch_start,corr-1760924086215,,JPY=X,15m,60d,,
2025-10-20 03:39:57.476014+00:00,price_fetch_success,corr-1760924086215,yfinance_history,JPY=X,15m,60d,457,
2025-10-20 03:39:57.988762+00:00,price_fetch_success,corr-1760924086215,yfinance_download,JPY=X,15m,60d,507,
2025-10-20 03:40:06.381775+00:00,pattern_draw,,,,,,,,flag_up,2025-10-18 00:45:00+09:00,2025-10-20 12:30:00+09:00,40,78.65645224806642
2025-10-20 03:40:06.402776+00:00,pattern_vrect,,,,,,,,flag_up,2025-10-18 00:45:00+09:00,2025-10-20 12:30:00+09:00
2025-10-20 03:43:03.939006+00:00,price_fetch_start,corr-1760924086215,,JPY=X,15m,60d,,
2025-10-20 03:43:04.380146+00:00,price_fetch_success,corr-1760924086215,yfinance_history,JPY=X,15m,60d,437,
2025-10-20 03:43:04.552145+00:00,price_fetch_success,corr-1760924086215,yfinance_download,JPY=X,15m,60d,168,
2025-10-20 03:43:14.046885+00:00,pattern_draw,,,,,,,,flag_up,2025-10-18 00:45:00+09:00,2025-10-20 12:30:00+09:00,40,78.51769715886321
2025-10-20 03:43:14.062883+00:00,pattern_vrect,,,,,,,,flag_up,2025-10-18 00:45:00+09:00,2025-10-20 12:30:00+09:00
2025-10-20 03:46:10.868802+00:00,price_fetch_start,corr-1760924086215,,JPY=X,15m,60d,,
2025-10-20 03:46:11.338325+00:00,price_fetch_success,corr-1760924086215,yfinance_history,JPY=X,15m,60d,463,
2025-10-20 03:46:11.991609+00:00,price_fetch_success,corr-1760924086215,yfinance_download,JPY=X,15m,60d,651,
2025-10-20 03:46:21.194368+00:00,pattern_draw,,,,,,,,flag_up,2025-10-18 01:00:00+09:00,2025-10-20 12:45:00+09:00,40,81.73185265024824
2025-10-20 03:46:21.215367+00:00,pattern_vrect,,,,,,,,flag_up,2025-10-18 01:00:00+09:00,2025-10-20 12:45:00+09:00
2025-10-20 03:49:17.897326+00:00,price_fetch_start,corr-1760924086215,,JPY=X,15m,60d,,
2025-10-20 03:49:18.417277+00:00,price_fetch_success,corr-1760924086215,yfinance_history,JPY=X,15m,60d,506,
2025-10-20 03:49:18.763371+00:00,price_fetch_success,corr-1760924086215,yfinance_download,JPY=X,15m,60d,339,
2025-10-20 03:49:26.730274+00:00,pattern_draw,,,,,,,,flag_up,2025-10-18 01:00:00+09:00,2025-10-20 12:45:00+09:00,40,81.73564897114419
2025-10-20 03:49:26.787292+00:00,pattern_vrect,,,,,,,,flag_up,2025-10-18 01:00:00+09:00,2025-10-20 12:45:00+09:00
2025-10-20 03:52:24.912715+00:00,price_fetch_start,corr-1760924086215,,JPY=X,15m,60d,,
2025-10-20 03:52:25.419224+00:00,price_fetch_success,corr-1760924086215,yfinance_history,JPY=X,15m,60d,501,
2025-10-20 03:52:25.983559+00:00,price_fetch_success,corr-1760924086215,yfinance_download,JPY=X,15m,60d,561,
2025-10-20 03:52:34.546439+00:00,pattern_draw,,,,,,,,flag_up,2025-10-18 01:00:00+09:00,2025-10-20 12:45:00+09:00,40,81.40207785995258
2025-10-20 03:52:34.565439+00:00,pattern_vrect,,,,,,,,flag_up,2025-10-18 01:00:00+09:00,2025-10-20 12:45:00+09:00
2025-10-20 03:55:31.959261+00:00,price_fetch_start,corr-1760924086215,,JPY=X,15m,60d,,
2025-10-20 03:55:32.445240+00:00,price_fetch_success,corr-1760924086215,yfinance_history,JPY=X,15m,60d,478,
2025-10-20 03:55:32.990742+00:00,price_fetch_success,corr-1760924086215,yfinance_download,JPY=X,15m,60d,539,
2025-10-20 03:55:40.741491+00:00,pattern_draw,,,,,,,,flag_up,2025-10-18 01:00:00+09:00,2025-10-20 12:45:00+09:00,40,80.20882918689063
2025-10-20 03:55:40.764492+00:00,pattern_vrect,,,,,,,,flag_up,2025-10-18 01:00:00+09:00,2025-10-20 12:45:00+09:00
2025-10-20 03:58:38.977803+00:00,price_fetch_start,corr-1760924086215,,JPY=X,15m,60d,,
2025-10-20 03:58:39.467032+00:00,price_fetch_success,corr-1760924086215,yfinance_history,JPY=X,15m,60d,477,
2025-10-20 03:58:40.029943+00:00,price_fetch_success,corr-1760924086215,yfinance_download,JPY=X,15m,60d,560,
2025-10-20 03:58:48.683621+00:00,pattern_draw,,,,,,,,flag_up,2025-10-18 01:00:00+09:00,2025-10-20 12:45:00+09:00,40,80.21835675893874
2025-10-20 03:58:48.700662+00:00,pattern_vrect,,,,,,,,flag_up,2025-10-18 01:00:00+09:00,2025-10-20 12:45:00+09:00
2025-10-20 04:01:45.912222+00:00,price_fetch_start,corr-1760924086215,,JPY=X,15m,60d,,
2025-10-20 04:01:46.427026+00:00,price_fetch_success,corr-1760924086215,yfinance_history,JPY=X,15m,60d,509,
2025-10-20 04:01:46.910138+00:00,price_fetch_success,corr-1760924086215,yfinance_download,JPY=X,15m,60d,480,
2025-10-20 04:01:54.025686+00:00,pattern_draw,,,,,,,,flag_up,2025-10-18 01:15:00+09:00,2025-10-20 13:00:00+09:00,40,81.37420934655755
2025-10-20 04:01:54.063583+00:00,pattern_vrect,,,,,,,,flag_up,2025-10-18 01:15:00+09:00,2025-10-20 13:00:00+09:00
2025-10-20 04:04:53.059993+00:00,price_fetch_start,corr-1760924086215,,JPY=X,15m,60d,,
2025-10-20 04:04:53.448174+00:00,price_fetch_success,corr-1760924086215,yfinance_history,JPY=X,15m,60d,379,
2025-10-20 04:04:54.043721+00:00,price_fetch_success,corr-1760924086215,yfinance_download,JPY=X,15m,60d,591,
2025-10-20 04:05:00.976299+00:00,pattern_draw,,,,,,,,flag_up,2025-10-18 01:15:00+09:00,2025-10-20 13:00:00+09:00,40,81.25870911406089
2025-10-20 04:05:00.994297+00:00,pattern_vrect,,,,,,,,flag_up,2025-10-18 01:15:00+09:00,2025-10-20 13:00:00+09:00
2025-10-20 04:07:59.900342+00:00,price_fetch_start,corr-1760924086215,,JPY=X,15m,60d,,
2025-10-20 04:08:00.400710+00:00,price_fetch_success,corr-1760924086215,yfinance_history,JPY=X,15m,60d,494,
2025-10-20 04:08:00.993749+00:00,price_fetch_success,corr-1760924086215,yfinance_download,JPY=X,15m,60d,592,
2025-10-20 04:08:08.868085+00:00,pattern_draw,,,,,,,,flag_up,2025-10-18 01:15:00+09:00,2025-10-20 13:00:00+09:00,40,81.13310776097003
2025-10-20 04:08:08.885211+00:00,pattern_vrect,,,,,,,,flag_up,2025-10-18 01:15:00+09:00,2025-10-20 13:00:00+09:00
2025-10-20 04:11:06.879995+00:00,price_fetch_start,corr-1760924086215,,JPY=X,15m,60d,,
2025-10-20 04:11:08.383853+00:00,price_fetch_success,corr-1760924086215,yfinance_history,JPY=X,15m,60d,1496,
2025-10-20 04:11:09.115850+00:00,price_fetch_success,corr-1760924086215,yfinance_download,JPY=X,15m,60d,726,
2025-10-20 04:11:20.122739+00:00,pattern_draw,,,,,,,,flag_up,2025-10-18 01:15:00+09:00,2025-10-20 13:00:00+09:00,40,81.0990579858441
2025-10-20 04:11:20.135739+00:00,pattern_vrect,,,,,,,,flag_up,2025-10-18 01:15:00+09:00,2025-10-20 13:00:00+09:00
2025-10-20 04:14:13.759396+00:00,price_fetch_start,corr-1760924086215,,JPY=X,15m,60d,,
2025-10-20 04:14:14.222424+00:00,price_fetch_success,corr-1760924086215,yfinance_history,JPY=X,15m,60d,461,
2025-10-20 04:14:14.780345+00:00,price_fetch_success,corr-1760924086215,yfinance_download,JPY=X,15m,60d,554,
2025-10-20 04:14:26.703948+00:00,pattern_draw,,,,,,,,flag_up,2025-10-18 01:15:00+09:00,2025-10-20 13:00:00+09:00,40,80.86721908253945
2025-10-20 04:14:26.719833+00:00,pattern_vrect,,,,,,,,flag_up,2025-10-18 01:15:00+09:00,2025-10-20 13:00:00+09:00
2025-10-20 04:17:21.063125+00:00,price_fetch_start,corr-1760924086215,,JPY=X,15m,60d,,
2025-10-20 04:17:21.548128+00:00,price_fetch_success,corr-1760924086215,yfinance_history,JPY=X,15m,60d,482,
2025-10-20 04:17:21.800605+00:00,price_fetch_success,corr-1760924086215,yfinance_download,JPY=X,15m,60d,244,
2025-10-20 04:17:29.261471+00:00,pattern_draw,,,,,,,,flag_up,2025-10-18 01:30:00+09:00,2025-10-20 13:15:00+09:00,40,81.64848377108319
2025-10-20 04:17:29.297446+00:00,pattern_vrect,,,,,,,,flag_up,2025-10-18 01:30:00+09:00,2025-10-20 13:15:00+09:00
2025-10-20 04:20:27.930796+00:00,price_fetch_start,corr-1760924086215,,JPY=X,15m,60d,,
2025-10-20 04:20:28.394816+00:00,price_fetch_success,corr-1760924086215,yfinance_history,JPY=X,15m,60d,459,
2025-10-20 04:20:28.978667+00:00,price_fetch_success,corr-1760924086215,yfinance_download,JPY=X,15m,60d,581,
2025-10-20 04:20:38.709989+00:00,pattern_draw,,,,,,,,flag_up,2025-10-18 01:30:00+09:00,2025-10-20 13:15:00+09:00,40,81.58778695128657
2025-10-20 04:20:38.721894+00:00,pattern_vrect,,,,,,,,flag_up,2025-10-18 01:30:00+09:00,2025-10-20 13:15:00+09:00
2025-10-20 04:23:34.952966+00:00,price_fetch_start,corr-1760924086215,,JPY=X,15m,60d,,
2025-10-20 04:23:35.446960+00:00,price_fetch_success,corr-1760924086215,yfinance_history,JPY=X,15m,60d,490,
2025-10-20 04:23:36.033322+00:00,price_fetch_success,corr-1760924086215,yfinance_download,JPY=X,15m,60d,583,
2025-10-20 04:23:45.790954+00:00,pattern_draw,,,,,,,,flag_up,2025-10-18 01:30:00+09:00,2025-10-20 13:15:00+09:00,40,81.58718847650809
2025-10-20 04:23:45.821944+00:00,pattern_vrect,,,,,,,,flag_up,2025-10-18 01:30:00+09:00,2025-10-20 13:15:00+09:00
2025-10-20 04:26:41.854592+00:00,price_fetch_start,corr-1760924086215,,JPY=X,15m,60d,,
2025-10-20 04:26:42.380713+00:00,price_fetch_success,corr-1760924086215,yfinance_history,JPY=X,15m,60d,507,
2025-10-20 04:26:42.838837+00:00,price_fetch_success,corr-1760924086215,yfinance_download,JPY=X,15m,60d,455,
2025-10-20 04:26:53.193705+00:00,pattern_draw,,,,,,,,flag_up,2025-10-18 01:30:00+09:00,2025-10-20 13:15:00+09:00,40,81.46394054219724
2025-10-20 04:26:53.229607+00:00,pattern_vrect,,,,,,,,flag_up,2025-10-18 01:30:00+09:00,2025-10-20 13:15:00+09:00
2025-10-20 04:29:49.059155+00:00,price_fetch_start,corr-1760924086215,,JPY=X,15m,60d,,
2025-10-20 04:29:49.480154+00:00,price_fetch_success,corr-1760924086215,yfinance_history,JPY=X,15m,60d,417,
2025-10-20 04:29:50.000796+00:00,price_fetch_success,corr-1760924086215,yfinance_download,JPY=X,15m,60d,519,
2025-10-20 04:30:00.465894+00:00,pattern_draw,,,,,,,,flag_up,2025-10-18 01:30:00+09:00,2025-10-20 13:15:00+09:00,40,81.24585804121955
2025-10-20 04:30:00.486898+00:00,pattern_vrect,,,,,,,,flag_up,2025-10-18 01:30:00+09:00,2025-10-20 13:15:00+09:00
2025-10-20 04:32:55.891125+00:00,price_fetch_start,corr-1760924086215,,JPY=X,15m,60d,,
2025-10-20 04:32:56.412082+00:00,price_fetch_success,corr-1760924086215,yfinance_history,JPY=X,15m,60d,509,
2025-10-20 04:32:57.102019+00:00,price_fetch_success,corr-1760924086215,yfinance_download,JPY=X,15m,60d,688,
2025-10-20 04:33:07.887753+00:00,pattern_draw,,,,,,,,flag_up,2025-10-18 01:45:00+09:00,2025-10-20 13:30:00+09:00,40,83.42347512495319
2025-10-20 04:33:07.902744+00:00,pattern_vrect,,,,,,,,flag_up,2025-10-18 01:45:00+09:00,2025-10-20 13:30:00+09:00
2025-10-20 04:36:02.938649+00:00,price_fetch_start,corr-1760924086215,,JPY=X,15m,60d,,
2025-10-20 04:36:03.441866+00:00,price_fetch_success,corr-1760924086215,yfinance_history,JPY=X,15m,60d,496,
2025-10-20 04:36:04.027173+00:00,price_fetch_success,corr-1760924086215,yfinance_download,JPY=X,15m,60d,584,
2025-10-20 04:36:10.507817+00:00,pattern_draw,,,,,,,,flag_up,2025-10-18 01:45:00+09:00,2025-10-20 13:30:00+09:00,40,82.99582892413876
2025-10-20 04:36:10.552835+00:00,pattern_vrect,,,,,,,,flag_up,2025-10-18 01:45:00+09:00,2025-10-20 13:30:00+09:00
2025-10-20 04:39:09.937055+00:00,price_fetch_start,corr-1760924086215,,JPY=X,15m,60d,,
2025-10-20 04:39:10.475505+00:00,price_fetch_success,corr-1760924086215,yfinance_history,JPY=X,15m,60d,533,
2025-10-20 04:39:11.167567+00:00,price_fetch_success,corr-1760924086215,yfinance_download,JPY=X,15m,60d,690,
2025-10-20 04:39:21.275070+00:00,pattern_draw,,,,,,,,flag_up,2025-10-18 01:45:00+09:00,2025-10-20 13:30:00+09:00,40,82.98806903438046
2025-10-20 04:39:21.293070+00:00,pattern_vrect,,,,,,,,flag_up,2025-10-18 01:45:00+09:00,2025-10-20 13:30:00+09:00
2025-10-20 04:42:16.898420+00:00,price_fetch_start,corr-1760924086215,,JPY=X,15m,60d,,
2025-10-20 04:42:17.304354+00:00,price_fetch_success,corr-1760924086215,yfinance_history,JPY=X,15m,60d,386,
2025-10-20 04:42:17.838240+00:00,price_fetch_success,corr-1760924086215,yfinance_download,JPY=X,15m,60d,532,
2025-10-20 04:42:26.283582+00:00,pattern_draw,,,,,,,,flag_up,2025-10-18 01:45:00+09:00,2025-10-20 13:30:00+09:00,40,82.51854407499471
2025-10-20 04:42:26.304484+00:00,pattern_vrect,,,,,,,,flag_up,2025-10-18 01:45:00+09:00,2025-10-20 13:30:00+09:00
2025-10-20 04:45:24.005381+00:00,price_fetch_start,corr-1760924086215,,JPY=X,15m,60d,,
2025-10-20 04:45:24.536670+00:00,price_fetch_success,corr-1760924086215,yfinance_history,JPY=X,15m,60d,528,
2025-10-20 04:45:24.775116+00:00,price_fetch_success,corr-1760924086215,yfinance_download,JPY=X,15m,60d,233,
2025-10-20 04:45:31.979013+00:00,pattern_draw,,,,,,,,flag_up,2025-10-18 02:00:00+09:00,2025-10-20 13:45:00+09:00,40,85.5851460012867
2025-10-20 04:45:31.993013+00:00,pattern_vrect,,,,,,,,flag_up,2025-10-18 02:00:00+09:00,2025-10-20 13:45:00+09:00
2025-10-20 04:48:30.873063+00:00,price_fetch_start,corr-1760924086215,,JPY=X,15m,60d,,
2025-10-20 04:48:31.329441+00:00,price_fetch_success,corr-1760924086215,yfinance_history,JPY=X,15m,60d,451,
2025-10-20 04:48:31.788077+00:00,price_fetch_success,corr-1760924086215,yfinance_download,JPY=X,15m,60d,455,
2025-10-20 04:48:40.548071+00:00,pattern_draw,,,,,,,,flag_up,2025-10-18 02:00:00+09:00,2025-10-20 13:45:00+09:00,40,85.59955729671985
2025-10-20 04:48:40.562074+00:00,pattern_vrect,,,,,,,,flag_up,2025-10-18 02:00:00+09:00,2025-10-20 13:45:00+09:00
2025-10-20 04:51:37.929308+00:00,price_fetch_start,corr-1760924086215,,JPY=X,15m,60d,,
2025-10-20 04:51:38.381237+00:00,price_fetch_success,corr-1760924086215,yfinance_history,JPY=X,15m,60d,447,
2025-10-20 04:51:38.936611+00:00,price_fetch_success,corr-1760924086215,yfinance_download,JPY=X,15m,60d,554,
2025-10-20 04:51:46.611434+00:00,pattern_draw,,,,,,,,flag_up,2025-10-18 02:00:00+09:00,2025-10-20 13:45:00+09:00,40,85.60386761175582
2025-10-20 04:51:46.632470+00:00,pattern_vrect,,,,,,,,flag_up,2025-10-18 02:00:00+09:00,2025-10-20 13:45:00+09:00
2025-10-20 04:54:45.062776+00:00,price_fetch_start,corr-1760924086215,,JPY=X,15m,60d,,
2025-10-20 04:54:45.525381+00:00,price_fetch_success,corr-1760924086215,yfinance_history,JPY=X,15m,60d,459,
2025-10-20 04:54:46.048177+00:00,price_fetch_success,corr-1760924086215,yfinance_download,JPY=X,15m,60d,520,
2025-10-20 04:54:55.299125+00:00,pattern_draw,,,,,,,,flag_up,2025-10-18 02:00:00+09:00,2025-10-20 13:45:00+09:00,40,85.6369654099376
2025-10-20 04:54:55.307125+00:00,pattern_vrect,,,,,,,,flag_up,2025-10-18 02:00:00+09:00,2025-10-20 13:45:00+09:00
2025-10-20 04:57:51.908516+00:00,price_fetch_start,corr-1760924086215,,JPY=X,15m,60d,,
2025-10-20 04:57:52.424909+00:00,price_fetch_success,corr-1760924086215,yfinance_history,JPY=X,15m,60d,511,
2025-10-20 04:57:52.937548+00:00,price_fetch_success,corr-1760924086215,yfinance_download,JPY=X,15m,60d,509,
2025-10-20 04:57:59.997115+00:00,pattern_draw,,,,,,,,flag_up,2025-10-18 02:00:00+09:00,2025-10-20 13:45:00+09:00,40,85.58093735514622
2025-10-20 04:58:00.013117+00:00,pattern_vrect,,,,,,,,flag_up,2025-10-18 02:00:00+09:00,2025-10-20 13:45:00+09:00
2025-10-20 05:00:58.965268+00:00,price_fetch_start,corr-1760924086215,,JPY=X,15m,60d,,
2025-10-20 05:00:59.457325+00:00,price_fetch_success,corr-1760924086215,yfinance_history,JPY=X,15m,60d,486,
2025-10-20 05:00:59.971339+00:00,price_fetch_success,corr-1760924086215,yfinance_download,JPY=X,15m,60d,509,
2025-10-20 05:01:08.636343+00:00,pattern_draw,,,,,,,,flag_up,2025-10-18 02:15:00+09:00,2025-10-20 14:00:00+09:00,40,85.57381800157975
2025-10-20 05:01:08.652315+00:00,pattern_vrect,,,,,,,,flag_up,2025-10-18 02:15:00+09:00,2025-10-20 14:00:00+09:00
2025-10-20 05:04:05.879750+00:00,price_fetch_start,corr-1760924086215,,JPY=X,15m,60d,,
2025-10-20 05:04:06.342770+00:00,price_fetch_success,corr-1760924086215,yfinance_history,JPY=X,15m,60d,456,
2025-10-20 05:04:06.823563+00:00,price_fetch_success,corr-1760924086215,yfinance_download,JPY=X,15m,60d,477,
2025-10-20 05:04:15.377868+00:00,pattern_draw,,,,,,,,flag_up,2025-10-18 02:15:00+09:00,2025-10-20 14:00:00+09:00,40,85.58677803124391
2025-10-20 05:04:15.414869+00:00,pattern_vrect,,,,,,,,flag_up,2025-10-18 02:15:00+09:00,2025-10-20 14:00:00+09:00
2025-10-20 05:07:12.923547+00:00,price_fetch_start,corr-1760924086215,,JPY=X,15m,60d,,
2025-10-20 05:07:13.506036+00:00,price_fetch_success,corr-1760924086215,yfinance_history,JPY=X,15m,60d,579,
2025-10-20 05:07:14.057750+00:00,price_fetch_success,corr-1760924086215,yfinance_download,JPY=X,15m,60d,545,
2025-10-20 05:07:22.694380+00:00,pattern_draw,,,,,,,,flag_up,2025-10-18 02:15:00+09:00,2025-10-20 14:00:00+09:00,40,85.59055600091287
2025-10-20 05:07:22.719380+00:00,pattern_vrect,,,,,,,,flag_up,2025-10-18 02:15:00+09:00,2025-10-20 14:00:00+09:00
2025-10-20 05:10:19.906876+00:00,price_fetch_start,corr-1760924086215,,JPY=X,15m,60d,,
2025-10-20 05:10:20.369519+00:00,price_fetch_success,corr-1760924086215,yfinance_history,JPY=X,15m,60d,456,
2025-10-20 05:10:20.622162+00:00,price_fetch_success,corr-1760924086215,yfinance_download,JPY=X,15m,60d,248,
2025-10-20 05:10:28.871760+00:00,pattern_draw,,,,,,,,flag_up,2025-10-18 02:15:00+09:00,2025-10-20 14:00:00+09:00,40,85.60179070105454
2025-10-20 05:10:28.909744+00:00,pattern_vrect,,,,,,,,flag_up,2025-10-18 02:15:00+09:00,2025-10-20 14:00:00+09:00
2025-10-20 05:13:26.918785+00:00,price_fetch_start,corr-1760924086215,,JPY=X,15m,60d,,
2025-10-20 05:13:27.421130+00:00,price_fetch_success,corr-1760924086215,yfinance_history,JPY=X,15m,60d,496,
2025-10-20 05:13:27.937893+00:00,price_fetch_success,corr-1760924086215,yfinance_download,JPY=X,15m,60d,509,
2025-10-20 05:13:34.854802+00:00,pattern_draw,,,,,,,,flag_up,2025-10-18 02:15:00+09:00,2025-10-20 14:00:00+09:00,40,85.60020675626404
2025-10-20 05:13:34.868759+00:00,pattern_vrect,,,,,,,,flag_up,2025-10-18 02:15:00+09:00,2025-10-20 14:00:00+09:00
2025-10-20 05:16:34.019052+00:00,price_fetch_start,corr-1760924086215,,JPY=X,15m,60d,,
2025-10-20 05:16:34.552052+00:00,price_fetch_success,corr-1760924086215,yfinance_history,JPY=X,15m,60d,530,
2025-10-20 05:16:34.969209+00:00,price_fetch_success,corr-1760924086215,yfinance_download,JPY=X,15m,60d,410,
2025-10-20 05:16:42.963259+00:00,pattern_draw,,,,,,,,flag_up,2025-10-18 02:30:00+09:00,2025-10-20 14:15:00+09:00,40,84.70143484065845
2025-10-20 05:16:42.983258+00:00,pattern_vrect,,,,,,,,flag_up,2025-10-18 02:30:00+09:00,2025-10-20 14:15:00+09:00
2025-10-20 05:19:40.888104+00:00,price_fetch_start,corr-1760924086215,,JPY=X,15m,60d,,
2025-10-20 05:19:41.337105+00:00,price_fetch_success,corr-1760924086215,yfinance_history,JPY=X,15m,60d,444,
2025-10-20 05:19:41.742267+00:00,price_fetch_success,corr-1760924086215,yfinance_download,JPY=X,15m,60d,403,
2025-10-20 05:19:47.331384+00:00,pattern_draw,,,,,,,,flag_up,2025-10-18 02:30:00+09:00,2025-10-20 14:15:00+09:00,40,84.53671003964376
2025-10-20 05:19:47.344400+00:00,pattern_vrect,,,,,,,,flag_up,2025-10-18 02:30:00+09:00,2025-10-20 14:15:00+09:00
2025-10-20 05:22:47.782314+00:00,price_fetch_start,corr-1760924086215,,JPY=X,15m,60d,,
2025-10-20 05:22:48.246586+00:00,price_fetch_success,corr-1760924086215,yfinance_history,JPY=X,15m,60d,458,
2025-10-20 05:22:48.786769+00:00,price_fetch_success,corr-1760924086215,yfinance_download,JPY=X,15m,60d,538,
2025-10-20 05:22:56.075255+00:00,pattern_draw,,,,,,,,flag_up,2025-10-18 02:30:00+09:00,2025-10-20 14:15:00+09:00,40,84.31034632832262
2025-10-20 05:22:56.091255+00:00,pattern_vrect,,,,,,,,flag_up,2025-10-18 02:30:00+09:00,2025-10-20 14:15:00+09:00
2025-10-20 05:25:54.846153+00:00,price_fetch_start,corr-1760924086215,,JPY=X,15m,60d,,
2025-10-20 05:25:55.314204+00:00,price_fetch_success,corr-1760924086215,yfinance_history,JPY=X,15m,60d,461,
2025-10-20 05:25:55.715374+00:00,price_fetch_success,corr-1760924086215,yfinance_download,JPY=X,15m,60d,399,
2025-10-20 05:26:02.451476+00:00,pattern_draw,,,,,,,,flag_up,2025-10-18 02:30:00+09:00,2025-10-20 14:15:00+09:00,40,84.25673073519864
2025-10-20 05:26:02.471918+00:00,pattern_vrect,,,,,,,,flag_up,2025-10-18 02:30:00+09:00,2025-10-20 14:15:00+09:00
2025-10-20 05:29:01.963348+00:00,price_fetch_start,corr-1760924086215,,JPY=X,15m,60d,,
2025-10-20 05:29:02.433894+00:00,price_fetch_success,corr-1760924086215,yfinance_history,JPY=X,15m,60d,466,
2025-10-20 05:29:02.975559+00:00,price_fetch_success,corr-1760924086215,yfinance_download,JPY=X,15m,60d,536,
2025-10-20 05:29:12.245218+00:00,pattern_draw,,,,,,,,flag_up,2025-10-18 02:30:00+09:00,2025-10-20 14:15:00+09:00,40,83.58573606290193
2025-10-20 05:29:12.257218+00:00,pattern_vrect,,,,,,,,flag_up,2025-10-18 02:30:00+09:00,2025-10-20 14:15:00+09:00
2025-10-20 05:32:08.907579+00:00,price_fetch_start,corr-1760924086215,,JPY=X,15m,60d,,
2025-10-20 05:32:09.415593+00:00,price_fetch_success,corr-1760924086215,yfinance_history,JPY=X,15m,60d,502,
2025-10-20 05:32:09.927798+00:00,price_fetch_success,corr-1760924086215,yfinance_download,JPY=X,15m,60d,509,
2025-10-20 05:32:18.607067+00:00,pattern_draw,,,,,,,,flag_up,2025-10-18 02:45:00+09:00,2025-10-20 14:30:00+09:00,40,85.5038381818893
2025-10-20 05:32:18.691731+00:00,pattern_vrect,,,,,,,,flag_up,2025-10-18 02:45:00+09:00,2025-10-20 14:30:00+09:00
2025-10-20 05:35:15.944377+00:00,price_fetch_start,corr-1760924086215,,JPY=X,15m,60d,,
2025-10-20 05:35:16.368181+00:00,price_fetch_success,corr-1760924086215,yfinance_history,JPY=X,15m,60d,418,
2025-10-20 05:35:16.953710+00:00,price_fetch_success,corr-1760924086215,yfinance_download,JPY=X,15m,60d,584,
2025-10-20 05:35:25.261046+00:00,pattern_draw,,,,,,,,flag_up,2025-10-18 02:45:00+09:00,2025-10-20 14:30:00+09:00,40,85.52001010639773
2025-10-20 05:35:25.283987+00:00,pattern_vrect,,,,,,,,flag_up,2025-10-18 02:45:00+09:00,2025-10-20 14:30:00+09:00
2025-10-20 05:38:23.036150+00:00,price_fetch_start,corr-1760924086215,,JPY=X,15m,60d,,
2025-10-20 05:38:23.506850+00:00,price_fetch_success,corr-1760924086215,yfinance_history,JPY=X,15m,60d,466,
2025-10-20 05:38:24.059230+00:00,price_fetch_success,corr-1760924086215,yfinance_download,JPY=X,15m,60d,548,
2025-10-20 05:38:31.423267+00:00,pattern_draw,,,,,,,,flag_up,2025-10-18 02:45:00+09:00,2025-10-20 14:30:00+09:00,40,85.52472581386584
2025-10-20 05:38:31.458361+00:00,pattern_vrect,,,,,,,,flag_up,2025-10-18 02:45:00+09:00,2025-10-20 14:30:00+09:00
2025-10-20 05:41:29.804786+00:00,price_fetch_start,corr-1760924086215,,JPY=X,15m,60d,,
2025-10-20 05:41:30.183524+00:00,price_fetch_success,corr-1760924086215,yfinance_history,JPY=X,15m,60d,375,
2025-10-20 05:41:30.392207+00:00,price_fetch_success,corr-1760924086215,yfinance_download,JPY=X,15m,60d,207,
2025-10-20 05:41:36.824843+00:00,pattern_draw,,,,,,,,flag_up,2025-10-18 02:45:00+09:00,2025-10-20 14:30:00+09:00,40,85.53245012102437
2025-10-20 05:41:36.845864+00:00,pattern_vrect,,,,,,,,flag_up,2025-10-18 02:45:00+09:00,2025-10-20 14:30:00+09:00
2025-10-20 05:44:36.876762+00:00,price_fetch_start,corr-1760924086215,,JPY=X,15m,60d,,
2025-10-20 05:44:37.371296+00:00,price_fetch_success,corr-1760924086215,yfinance_history,JPY=X,15m,60d,472,
2025-10-20 05:44:37.750362+00:00,price_fetch_success,corr-1760924086215,yfinance_download,JPY=X,15m,60d,376,
2025-10-20 05:44:43.949620+00:00,pattern_draw,,,,,,,,flag_up,2025-10-18 02:45:00+09:00,2025-10-20 14:30:00+09:00,40,85.53938032003953
2025-10-20 05:44:43.962619+00:00,pattern_vrect,,,,,,,,flag_up,2025-10-18 02:45:00+09:00,2025-10-20 14:30:00+09:00
2025-10-20 05:47:43.921109+00:00,price_fetch_start,corr-1760924086215,,JPY=X,15m,60d,,
2025-10-20 05:47:44.380976+00:00,price_fetch_success,corr-1760924086215,yfinance_history,JPY=X,15m,60d,456,
2025-10-20 05:47:44.840889+00:00,price_fetch_success,corr-1760924086215,yfinance_download,JPY=X,15m,60d,455,
2025-10-20 05:47:51.315760+00:00,pattern_draw,,,,,,,,flag_up,2025-10-18 03:00:00+09:00,2025-10-20 14:45:00+09:00,40,85.5171020949226
2025-10-20 05:47:51.328757+00:00,pattern_vrect,,,,,,,,flag_up,2025-10-18 03:00:00+09:00,2025-10-20 14:45:00+09:00
2025-10-20 05:50:50.849086+00:00,price_fetch_start,corr-1760924086215,,JPY=X,15m,60d,,
2025-10-20 05:50:51.223115+00:00,price_fetch_success,corr-1760924086215,yfinance_history,JPY=X,15m,60d,371,
2025-10-20 05:50:51.805432+00:00,price_fetch_success,corr-1760924086215,yfinance_download,JPY=X,15m,60d,580,
2025-10-20 05:50:59.017791+00:00,pattern_draw,,,,,,,,flag_up,2025-10-18 03:00:00+09:00,2025-10-20 14:45:00+09:00,40,85.52514882782079
2025-10-20 05:50:59.033789+00:00,pattern_vrect,,,,,,,,flag_up,2025-10-18 03:00:00+09:00,2025-10-20 14:45:00+09:00
2025-10-20 05:53:57.914215+00:00,price_fetch_start,corr-1760924086215,,JPY=X,15m,60d,,
2025-10-20 05:53:58.430210+00:00,price_fetch_success,corr-1760924086215,yfinance_history,JPY=X,15m,60d,509,
2025-10-20 05:53:58.911889+00:00,price_fetch_success,corr-1760924086215,yfinance_download,JPY=X,15m,60d,476,
2025-10-20 05:54:06.626297+00:00,pattern_draw,,,,,,,,flag_up,2025-10-18 03:00:00+09:00,2025-10-20 14:45:00+09:00,40,85.54014633458006
2025-10-20 05:54:06.644297+00:00,pattern_vrect,,,,,,,,flag_up,2025-10-18 03:00:00+09:00,2025-10-20 14:45:00+09:00
2025-10-20 05:57:04.934797+00:00,price_fetch_start,corr-1760924086215,,JPY=X,15m,60d,,
2025-10-20 05:57:05.412413+00:00,price_fetch_success,corr-1760924086215,yfinance_history,JPY=X,15m,60d,472,
2025-10-20 05:57:05.979961+00:00,price_fetch_success,corr-1760924086215,yfinance_download,JPY=X,15m,60d,564,
2025-10-20 05:57:14.029843+00:00,pattern_draw,,,,,,,,flag_up,2025-10-18 03:00:00+09:00,2025-10-20 14:45:00+09:00,40,85.54555981949557
2025-10-20 05:57:14.042846+00:00,pattern_vrect,,,,,,,,flag_up,2025-10-18 03:00:00+09:00,2025-10-20 14:45:00+09:00
2025-10-20 06:00:11.998761+00:00,price_fetch_start,corr-1760924086215,,JPY=X,15m,60d,,
2025-10-20 06:00:12.465774+00:00,price_fetch_success,corr-1760924086215,yfinance_history,JPY=X,15m,60d,463,
2025-10-20 06:00:13.038812+00:00,price_fetch_success,corr-1760924086215,yfinance_download,JPY=X,15m,60d,569,
2025-10-20 06:00:21.595138+00:00,pattern_draw,,,,,,,,flag_up,2025-10-18 03:15:00+09:00,2025-10-20 15:00:00+09:00,40,83.42197274913279
2025-10-20 06:00:21.621014+00:00,pattern_vrect,,,,,,,,flag_up,2025-10-18 03:15:00+09:00,2025-10-20 15:00:00+09:00
2025-10-20 06:03:18.998928+00:00,price_fetch_start,corr-1760924086215,,JPY=X,15m,60d,,
2025-10-20 06:03:19.493000+00:00,price_fetch_success,corr-1760924086215,yfinance_history,JPY=X,15m,60d,489,
2025-10-20 06:03:19.815764+00:00,price_fetch_success,corr-1760924086215,yfinance_download,JPY=X,15m,60d,315,
2025-10-20 06:03:27.443078+00:00,pattern_draw,,,,,,,,flag_up,2025-10-18 03:15:00+09:00,2025-10-20 15:00:00+09:00,40,82.66197418987392
2025-10-20 06:03:27.462697+00:00,pattern_vrect,,,,,,,,flag_up,2025-10-18 03:15:00+09:00,2025-10-20 15:00:00+09:00
2025-10-20 06:06:25.908547+00:00,price_fetch_start,corr-1760924086215,,JPY=X,15m,60d,,
2025-10-20 06:06:26.342429+00:00,price_fetch_success,corr-1760924086215,yfinance_history,JPY=X,15m,60d,428,
2025-10-20 06:06:26.833390+00:00,price_fetch_success,corr-1760924086215,yfinance_download,JPY=X,15m,60d,488,
2025-10-20 06:06:35.019415+00:00,pattern_draw,,,,,,,,flag_up,2025-10-18 03:15:00+09:00,2025-10-20 15:00:00+09:00,40,82.29840878138026
2025-10-20 06:06:35.033413+00:00,pattern_vrect,,,,,,,,flag_up,2025-10-18 03:15:00+09:00,2025-10-20 15:00:00+09:00
2025-10-20 06:09:32.852098+00:00,price_fetch_start,corr-1760924086215,,JPY=X,15m,60d,,
2025-10-20 06:09:33.297154+00:00,price_fetch_success,corr-1760924086215,yfinance_history,JPY=X,15m,60d,440,
2025-10-20 06:09:33.722757+00:00,price_fetch_success,corr-1760924086215,yfinance_download,JPY=X,15m,60d,423,
2025-10-20 06:09:39.990838+00:00,pattern_draw,,,,,,,,flag_up,2025-10-18 03:15:00+09:00,2025-10-20 15:00:00+09:00,40,82.25765222066208
2025-10-20 06:09:40.005830+00:00,pattern_vrect,,,,,,,,flag_up,2025-10-18 03:15:00+09:00,2025-10-20 15:00:00+09:00
2025-10-20 06:12:39.937769+00:00,price_fetch_start,corr-1760924086215,,JPY=X,15m,60d,,
2025-10-20 06:12:40.406972+00:00,price_fetch_success,corr-1760924086215,yfinance_history,JPY=X,15m,60d,465,
2025-10-20 06:12:40.634233+00:00,price_fetch_success,corr-1760924086215,yfinance_download,JPY=X,15m,60d,222,
2025-10-20 06:12:48.729845+00:00,pattern_draw,,,,,,,,flag_up,2025-10-18 03:15:00+09:00,2025-10-20 15:00:00+09:00,40,82.1687734657284
2025-10-20 06:12:48.742846+00:00,pattern_vrect,,,,,,,,flag_up,2025-10-18 03:15:00+09:00,2025-10-20 15:00:00+09:00
2025-10-20 06:15:46.976426+00:00,price_fetch_start,corr-1760924086215,,JPY=X,15m,60d,,
2025-10-20 06:15:47.405428+00:00,price_fetch_success,corr-1760924086215,yfinance_history,JPY=X,15m,60d,424,
2025-10-20 06:15:47.680874+00:00,price_fetch_success,corr-1760924086215,yfinance_download,JPY=X,15m,60d,267,
2025-10-20 06:18:53.926402+00:00,price_fetch_start,corr-1760924086215,,JPY=X,15m,60d,,
2025-10-20 06:18:54.354431+00:00,price_fetch_success,corr-1760924086215,yfinance_history,JPY=X,15m,60d,422,
2025-10-20 06:18:54.595506+00:00,price_fetch_success,corr-1760924086215,yfinance_download,JPY=X,15m,60d,236,
2025-10-20 06:22:00.979989+00:00,price_fetch_start,corr-1760924086215,,JPY=X,15m,60d,,
2025-10-20 06:22:01.487464+00:00,price_fetch_success,corr-1760924086215,yfinance_history,JPY=X,15m,60d,503,
2025-10-20 06:22:01.912657+00:00,price_fetch_success,corr-1760924086215,yfinance_download,JPY=X,15m,60d,419,
2025-10-20 06:25:07.958043+00:00,price_fetch_start,corr-1760924086215,,JPY=X,15m,60d,,
2025-10-20 06:25:08.440655+00:00,price_fetch_success,corr-1760924086215,yfinance_history,JPY=X,15m,60d,478,
2025-10-20 06:25:08.825761+00:00,price_fetch_success,corr-1760924086215,yfinance_download,JPY=X,15m,60d,382,
2025-10-20 06:28:14.934943+00:00,price_fetch_start,corr-1760924086215,,JPY=X,15m,60d,,
2025-10-20 06:28:15.515173+00:00,price_fetch_success,corr-1760924086215,yfinance_history,JPY=X,15m,60d,575,
2025-10-20 06:28:16.110063+00:00,price_fetch_success,corr-1760924086215,yfinance_download,JPY=X,15m,60d,591,
2025-10-20 06:31:21.972523+00:00,price_fetch_start,corr-1760924086215,,JPY=X,15m,60d,,
2025-10-20 06:31:22.390351+00:00,price_fetch_success,corr-1760924086215,yfinance_history,JPY=X,15m,60d,411,
2025-10-20 06:31:22.931741+00:00,price_fetch_success,corr-1760924086215,yfinance_download,JPY=X,15m,60d,538,
2025-10-20 06:34:28.975257+00:00,price_fetch_start,corr-1760924086215,,JPY=X,15m,60d,,
2025-10-20 06:34:29.522406+00:00,price_fetch_success,corr-1760924086215,yfinance_history,JPY=X,15m,60d,542,
2025-10-20 06:34:30.012964+00:00,price_fetch_success,corr-1760924086215,yfinance_download,JPY=X,15m,60d,488,
2025-10-20 06:37:35.884198+00:00,price_fetch_start,corr-1760924086215,,JPY=X,15m,60d,,
2025-10-20 06:37:36.283037+00:00,price_fetch_success,corr-1760924086215,yfinance_history,JPY=X,15m,60d,393,
2025-10-20 06:37:36.772335+00:00,price_fetch_success,corr-1760924086215,yfinance_download,JPY=X,15m,60d,487,
2025-10-20 06:40:42.750181+00:00,price_fetch_start,corr-1760924086215,,JPY=X,15m,60d,,
2025-10-20 06:40:43.316644+00:00,price_fetch_success,corr-1760924086215,yfinance_history,JPY=X,15m,60d,558,
2025-10-20 06:40:43.972660+00:00,price_fetch_success,corr-1760924086215,yfinance_download,JPY=X,15m,60d,651,
2025-10-20 06:43:49.937330+00:00,price_fetch_start,corr-1760924086215,,JPY=X,15m,60d,,
2025-10-20 06:43:50.327333+00:00,price_fetch_success,corr-1760924086215,yfinance_history,JPY=X,15m,60d,384,
2025-10-20 06:43:50.995043+00:00,price_fetch_success,corr-1760924086215,yfinance_download,JPY=X,15m,60d,663,
2025-10-20 06:46:56.809646+00:00,price_fetch_start,corr-1760924086215,,JPY=X,15m,60d,,
2025-10-20 06:46:57.304161+00:00,price_fetch_success,corr-1760924086215,yfinance_history,JPY=X,15m,60d,480,
2025-10-20 06:46:57.879063+00:00,price_fetch_success,corr-1760924086215,yfinance_download,JPY=X,15m,60d,571,
2025-10-20 06:47:08.205288+00:00,pattern_draw,,,,,,,,flag_dn,2025-10-18 04:00:00+09:00,2025-10-20 15:45:00+09:00,40,72.5735003019586
2025-10-20 06:47:08.234304+00:00,pattern_vrect,,,,,,,,flag_dn,2025-10-18 04:00:00+09:00,2025-10-20 15:45:00+09:00
2025-10-20 06:50:04.250314+00:00,price_fetch_start,corr-1760924086215,,JPY=X,15m,60d,,
2025-10-20 06:50:04.835155+00:00,price_fetch_success,corr-1760924086215,yfinance_history,JPY=X,15m,60d,577,
2025-10-20 06:50:05.091684+00:00,price_fetch_success,corr-1760924086215,yfinance_download,JPY=X,15m,60d,253,
2025-10-20 06:50:14.622694+00:00,pattern_draw,,,,,,,,flag_dn,2025-10-18 04:00:00+09:00,2025-10-20 15:45:00+09:00,40,72.5529674925385
2025-10-20 06:50:14.636694+00:00,pattern_vrect,,,,,,,,flag_dn,2025-10-18 04:00:00+09:00,2025-10-20 15:45:00+09:00
2025-10-20 06:53:10.842808+00:00,price_fetch_start,corr-1760924086215,,JPY=X,15m,60d,,
2025-10-20 06:53:11.347929+00:00,price_fetch_success,corr-1760924086215,yfinance_history,JPY=X,15m,60d,498,
2025-10-20 06:53:11.988139+00:00,price_fetch_success,corr-1760924086215,yfinance_download,JPY=X,15m,60d,637,
2025-10-20 06:53:20.745709+00:00,pattern_draw,,,,,,,,flag_dn,2025-10-18 04:00:00+09:00,2025-10-20 15:45:00+09:00,40,72.36082632048023
2025-10-20 06:53:20.756813+00:00,pattern_vrect,,,,,,,,flag_dn,2025-10-18 04:00:00+09:00,2025-10-20 15:45:00+09:00
2025-10-20 06:56:17.805284+00:00,price_fetch_start,corr-1760924086215,,JPY=X,15m,60d,,
2025-10-20 06:56:18.324696+00:00,price_fetch_success,corr-1760924086215,yfinance_history,JPY=X,15m,60d,516,
2025-10-20 06:56:18.918951+00:00,price_fetch_success,corr-1760924086215,yfinance_download,JPY=X,15m,60d,592,
2025-10-20 06:56:29.203900+00:00,pattern_draw,,,,,,,,flag_dn,2025-10-18 04:00:00+09:00,2025-10-20 15:45:00+09:00,40,72.06273763418127
2025-10-20 06:56:29.225901+00:00,pattern_vrect,,,,,,,,flag_dn,2025-10-18 04:00:00+09:00,2025-10-20 15:45:00+09:00
2025-10-20 06:59:24.978612+00:00,price_fetch_start,corr-1760924086215,,JPY=X,15m,60d,,
2025-10-20 06:59:25.565506+00:00,price_fetch_success,corr-1760924086215,yfinance_history,JPY=X,15m,60d,583,
2025-10-20 06:59:25.800409+00:00,price_fetch_success,corr-1760924086215,yfinance_download,JPY=X,15m,60d,230,
2025-10-20 06:59:34.348807+00:00,pattern_draw,,,,,,,,flag_dn,2025-10-18 04:00:00+09:00,2025-10-20 15:45:00+09:00,40,72.049287574343
2025-10-20 06:59:34.371811+00:00,pattern_vrect,,,,,,,,flag_dn,2025-10-18 04:00:00+09:00,2025-10-20 15:45:00+09:00
2025-10-20 07:02:31.885617+00:00,price_fetch_start,corr-1760924086215,,JPY=X,15m,60d,,
2025-10-20 07:02:32.239618+00:00,price_fetch_success,corr-1760924086215,yfinance_history,JPY=X,15m,60d,350,
2025-10-20 07:02:32.831383+00:00,price_fetch_success,corr-1760924086215,yfinance_download,JPY=X,15m,60d,588,
2025-10-20 07:05:38.955340+00:00,price_fetch_start,corr-1760924086215,,JPY=X,15m,60d,,
2025-10-20 07:05:39.411984+00:00,price_fetch_success,corr-1760924086215,yfinance_history,JPY=X,15m,60d,454,
2025-10-20 07:05:39.973299+00:00,price_fetch_success,corr-1760924086215,yfinance_download,JPY=X,15m,60d,558,
2025-10-20 07:08:45.934715+00:00,price_fetch_start,corr-1760924086215,,JPY=X,15m,60d,,
2025-10-20 07:08:46.424700+00:00,price_fetch_success,corr-1760924086215,yfinance_history,JPY=X,15m,60d,486,
2025-10-20 07:08:46.869190+00:00,price_fetch_success,corr-1760924086215,yfinance_download,JPY=X,15m,60d,442,
2025-10-20 07:11:52.846781+00:00,price_fetch_start,corr-1760924086215,,JPY=X,15m,60d,,
2025-10-20 07:11:53.281059+00:00,price_fetch_success,corr-1760924086215,yfinance_history,JPY=X,15m,60d,428,
2025-10-20 07:11:53.707570+00:00,price_fetch_success,corr-1760924086215,yfinance_download,JPY=X,15m,60d,425,
2025-10-20 07:14:59.902489+00:00,price_fetch_start,corr-1760924086215,,JPY=X,15m,60d,,
2025-10-20 07:15:00.387307+00:00,price_fetch_success,corr-1760924086215,yfinance_history,JPY=X,15m,60d,481,
2025-10-20 07:15:00.777622+00:00,price_fetch_success,corr-1760924086215,yfinance_download,JPY=X,15m,60d,389,
2025-10-20 07:18:06.795561+00:00,price_fetch_start,corr-1760924086215,,JPY=X,15m,60d,,
2025-10-20 07:18:07.255670+00:00,price_fetch_success,corr-1760924086215,yfinance_history,JPY=X,15m,60d,453,
2025-10-20 07:18:07.778374+00:00,price_fetch_success,corr-1760924086215,yfinance_download,JPY=X,15m,60d,520,
2025-10-20 13:05:39.541999+00:00,price_fetch_start,corr-1760965539541,,JPY=X,15m,60d,,
2025-10-20 13:05:41.272610+00:00,price_fetch_start,corr-1760965539541,,JPY=X,15m,60d,,
2025-10-20 13:05:42.708438+00:00,price_fetch_start,corr-1760965539541,,JPY=X,15m,60d,,
2025-10-20 13:05:43.213385+00:00,price_fetch_success,corr-1760965539541,yfinance_history,JPY=X,15m,60d,494,
2025-10-20 13:05:43.478254+00:00,price_fetch_success,corr-1760965539541,yfinance_download,JPY=X,15m,60d,262,
2025-10-20 13:05:47.803787+00:00,pattern_draw,,,,,,,,flag_up,2025-10-20 12:15:00+09:00,2025-10-20 22:00:00+09:00,40,78.07760280497001
2025-10-20 13:05:47.815614+00:00,pattern_vrect,,,,,,,,flag_up,2025-10-20 12:15:00+09:00,2025-10-20 22:00:00+09:00
2025-10-20 13:06:55.021492+00:00,price_fetch_start,corr-1760965539541,,JPY=X,15m,60d,,
2025-10-20 13:06:55.641577+00:00,price_fetch_success,corr-1760965539541,yfinance_history,JPY=X,15m,60d,617,
2025-10-20 13:06:56.098598+00:00,price_fetch_success,corr-1760965539541,yfinance_download,JPY=X,15m,60d,456,
2025-10-20 13:06:59.417452+00:00,pattern_draw,,,,,,,,flag_up,2025-10-20 12:15:00+09:00,2025-10-20 22:00:00+09:00,40,77.86790088713113
2025-10-20 13:06:59.439457+00:00,pattern_vrect,,,,,,,,flag_up,2025-10-20 12:15:00+09:00,2025-10-20 22:00:00+09:00
2025-10-20 13:07:38.799468+00:00,price_fetch_start,corr-1760965539541,,JPY=X,15m,60d,,
2025-10-20 13:07:43.456054+00:00,price_fetch_start,corr-1760965539541,,JPY=X,15m,60d,,
2025-10-20 13:07:52.310737+00:00,pattern_draw,,,,,,,,flag_up,2025-10-20 12:15:00+09:00,2025-10-20 22:00:00+09:00,40,77.86790088713113
2025-10-20 13:07:52.332749+00:00,pattern_vrect,,,,,,,,flag_up,2025-10-20 12:15:00+09:00,2025-10-20 22:00:00+09:00
2025-10-20 13:08:50.874280+00:00,price_fetch_start,corr-1760965539541,,JPY=X,15m,60d,,
2025-10-20 13:08:51.318262+00:00,price_fetch_success,corr-1760965539541,yfinance_history,JPY=X,15m,60d,440,
2025-10-20 13:08:51.744830+00:00,price_fetch_success,corr-1760965539541,yfinance_download,JPY=X,15m,60d,423,
2025-10-20 13:08:58.671141+00:00,pattern_draw,,,,,,,,flag_up,2025-10-20 12:15:00+09:00,2025-10-20 22:00:00+09:00,40,77.83316859707107
2025-10-20 13:08:58.724028+00:00,pattern_vrect,,,,,,,,flag_up,2025-10-20 12:15:00+09:00,2025-10-20 22:00:00+09:00
2025-10-20 13:11:57.355538+00:00,price_fetch_start,corr-1760965539541,,JPY=X,15m,60d,,
2025-10-20 13:11:57.811615+00:00,price_fetch_success,corr-1760965539541,yfinance_history,JPY=X,15m,60d,452,
2025-10-20 13:11:58.256166+00:00,price_fetch_success,corr-1760965539541,yfinance_download,JPY=X,15m,60d,443,
2025-10-20 13:12:05.972840+00:00,pattern_draw,,,,,,,,flag_up,2025-10-20 12:15:00+09:00,2025-10-20 22:00:00+09:00,40,77.75006170569961
2025-10-20 13:12:06.012959+00:00,pattern_vrect,,,,,,,,flag_up,2025-10-20 12:15:00+09:00,2025-10-20 22:00:00+09:00
2025-10-20 13:15:04.301059+00:00,price_fetch_start,corr-1760965539541,,JPY=X,15m,60d,,
2025-10-20 13:15:04.777807+00:00,price_fetch_success,corr-1760965539541,yfinance_history,JPY=X,15m,60d,473,
2025-10-20 13:15:05.310466+00:00,price_fetch_success,corr-1760965539541,yfinance_download,JPY=X,15m,60d,531,
2025-10-20 13:15:12.032057+00:00,pattern_draw,,,,,,,,flag_up,2025-10-20 12:15:00+09:00,2025-10-20 22:00:00+09:00,40,77.74728567010744
2025-10-20 13:15:12.047056+00:00,pattern_vrect,,,,,,,,flag_up,2025-10-20 12:15:00+09:00,2025-10-20 22:00:00+09:00
2025-10-20 13:18:11.371214+00:00,price_fetch_start,corr-1760965539541,,JPY=X,15m,60d,,
2025-10-20 13:18:11.820859+00:00,price_fetch_success,corr-1760965539541,yfinance_history,JPY=X,15m,60d,443,
2025-10-20 13:18:12.300468+00:00,price_fetch_success,corr-1760965539541,yfinance_download,JPY=X,15m,60d,478,
2025-10-20 13:18:18.985141+00:00,pattern_draw,,,,,,,,flag_up,2025-10-20 12:30:00+09:00,2025-10-20 22:15:00+09:00,40,76.5683146756826
2025-10-20 13:18:19.004587+00:00,pattern_vrect,,,,,,,,flag_up,2025-10-20 12:30:00+09:00,2025-10-20 22:15:00+09:00
2025-10-20 13:21:18.348030+00:00,price_fetch_start,corr-1760965539541,,JPY=X,15m,60d,,
2025-10-20 13:21:18.828033+00:00,price_fetch_success,corr-1760965539541,yfinance_history,JPY=X,15m,60d,473,
2025-10-20 13:21:19.433336+00:00,price_fetch_success,corr-1760965539541,yfinance_download,JPY=X,15m,60d,602,
2025-10-20 13:21:27.655225+00:00,pattern_draw,,,,,,,,flag_up,2025-10-20 12:30:00+09:00,2025-10-20 22:15:00+09:00,40,76.51176764196484
2025-10-20 13:21:27.668225+00:00,pattern_vrect,,,,,,,,flag_up,2025-10-20 12:30:00+09:00,2025-10-20 22:15:00+09:00
2025-10-20 13:24:25.511952+00:00,price_fetch_start,corr-1760965539541,,JPY=X,15m,60d,,
2025-10-20 13:24:26.043967+00:00,price_fetch_success,corr-1760965539541,yfinance_history,JPY=X,15m,60d,523,
2025-10-20 13:24:26.417534+00:00,price_fetch_success,corr-1760965539541,yfinance_download,JPY=X,15m,60d,363,
2025-10-20 13:24:35.560234+00:00,pattern_draw,,,,,,,,flag_up,2025-10-20 12:30:00+09:00,2025-10-20 22:15:00+09:00,40,76.26329958086004
2025-10-20 13:24:35.574236+00:00,pattern_vrect,,,,,,,,flag_up,2025-10-20 12:30:00+09:00,2025-10-20 22:15:00+09:00
2025-10-20 13:27:32.478442+00:00,price_fetch_start,corr-1760965539541,,JPY=X,15m,60d,,
2025-10-20 13:27:32.906864+00:00,price_fetch_success,corr-1760965539541,yfinance_history,JPY=X,15m,60d,425,
2025-10-20 13:27:33.409921+00:00,price_fetch_success,corr-1760965539541,yfinance_download,JPY=X,15m,60d,499,
2025-10-20 13:27:41.332279+00:00,pattern_draw,,,,,,,,flag_up,2025-10-20 12:30:00+09:00,2025-10-20 22:15:00+09:00,40,76.26025560259058
2025-10-20 13:27:41.346280+00:00,pattern_vrect,,,,,,,,flag_up,2025-10-20 12:30:00+09:00,2025-10-20 22:15:00+09:00
2025-10-20 13:30:39.220824+00:00,price_fetch_start,corr-1760965539541,,JPY=X,15m,60d,,
2025-10-20 13:30:39.549110+00:00,price_fetch_success,corr-1760965539541,yfinance_history,JPY=X,15m,60d,325,
2025-10-20 13:30:39.976398+00:00,price_fetch_success,corr-1760965539541,yfinance_download,JPY=X,15m,60d,426,
2025-10-20 13:30:49.156690+00:00,pattern_draw,,,,,,,,flag_up,2025-10-20 12:45:00+09:00,2025-10-20 22:30:00+09:00,40,78.46606618579312
2025-10-20 13:30:49.170687+00:00,pattern_vrect,,,,,,,,flag_up,2025-10-20 12:45:00+09:00,2025-10-20 22:30:00+09:00
2025-10-20 13:33:46.248052+00:00,price_fetch_start,corr-1760965539541,,JPY=X,15m,60d,,
2025-10-20 13:33:46.723220+00:00,price_fetch_success,corr-1760965539541,yfinance_history,JPY=X,15m,60d,467,
2025-10-20 13:33:47.361927+00:00,price_fetch_success,corr-1760965539541,yfinance_download,JPY=X,15m,60d,636,
2025-10-20 13:33:56.363323+00:00,pattern_draw,,,,,,,,flag_up,2025-10-20 12:45:00+09:00,2025-10-20 22:30:00+09:00,40,78.47514709326255
2025-10-20 13:33:56.374418+00:00,pattern_vrect,,,,,,,,flag_up,2025-10-20 12:45:00+09:00,2025-10-20 22:30:00+09:00
2025-10-20 13:36:53.578253+00:00,price_fetch_start,corr-1760965539541,,JPY=X,15m,60d,,
2025-10-20 13:36:53.972529+00:00,price_fetch_success,corr-1760965539541,yfinance_history,JPY=X,15m,60d,388,
2025-10-20 13:36:54.247653+00:00,price_fetch_success,corr-1760965539541,yfinance_download,JPY=X,15m,60d,274,
2025-10-20 13:37:03.531433+00:00,pattern_draw,,,,,,,,flag_up,2025-10-20 12:45:00+09:00,2025-10-20 22:30:00+09:00,40,77.1676693894213
2025-10-20 13:37:03.551433+00:00,pattern_vrect,,,,,,,,flag_up,2025-10-20 12:45:00+09:00,2025-10-20 22:30:00+09:00
2025-10-20 13:40:00.300439+00:00,price_fetch_start,corr-1760965539541,,JPY=X,15m,60d,,
2025-10-20 13:40:00.728547+00:00,price_fetch_success,corr-1760965539541,yfinance_history,JPY=X,15m,60d,423,
2025-10-20 13:40:01.359534+00:00,price_fetch_success,corr-1760965539541,yfinance_download,JPY=X,15m,60d,623,
2025-10-20 13:40:09.437107+00:00,pattern_draw,,,,,,,,flag_up,2025-10-20 12:45:00+09:00,2025-10-20 22:30:00+09:00,40,76.9446925481303
2025-10-20 13:40:09.468901+00:00,pattern_vrect,,,,,,,,flag_up,2025-10-20 12:45:00+09:00,2025-10-20 22:30:00+09:00
2025-10-20 13:43:07.238076+00:00,price_fetch_start,corr-1760965539541,,JPY=X,15m,60d,,
2025-10-20 13:43:07.733737+00:00,price_fetch_success,corr-1760965539541,yfinance_history,JPY=X,15m,60d,491,
2025-10-20 13:43:07.955875+00:00,price_fetch_success,corr-1760965539541,yfinance_download,JPY=X,15m,60d,217,
2025-10-20 13:43:16.650708+00:00,pattern_draw,,,,,,,,flag_up,2025-10-20 12:45:00+09:00,2025-10-20 22:30:00+09:00,40,76.95036933770555
2025-10-20 13:43:16.671792+00:00,pattern_vrect,,,,,,,,flag_up,2025-10-20 12:45:00+09:00,2025-10-20 22:30:00+09:00
2025-10-20 13:46:14.314432+00:00,price_fetch_start,corr-1760965539541,,JPY=X,15m,60d,,
2025-10-20 13:46:14.713126+00:00,price_fetch_success,corr-1760965539541,yfinance_history,JPY=X,15m,60d,393,
2025-10-20 13:46:15.226901+00:00,price_fetch_success,corr-1760965539541,yfinance_download,JPY=X,15m,60d,512,
2025-10-20 13:46:25.411161+00:00,pattern_draw,,,,,,,,flag_up,2025-10-20 12:45:00+09:00,2025-10-20 22:30:00+09:00,40,76.9400333331521
2025-10-20 13:46:25.433303+00:00,pattern_vrect,,,,,,,,flag_up,2025-10-20 12:45:00+09:00,2025-10-20 22:30:00+09:00
2025-10-20 13:49:21.212198+00:00,price_fetch_start,corr-1760965539541,,JPY=X,15m,60d,,
2025-10-20 13:49:21.699525+00:00,price_fetch_success,corr-1760965539541,yfinance_history,JPY=X,15m,60d,482,
2025-10-20 13:49:22.331286+00:00,price_fetch_success,corr-1760965539541,yfinance_download,JPY=X,15m,60d,623,
2025-10-20 13:49:31.060154+00:00,pattern_draw,,,,,,,,flag_up,2025-10-20 13:00:00+09:00,2025-10-20 22:45:00+09:00,40,73.62413220834917
2025-10-20 13:49:31.074536+00:00,pattern_vrect,,,,,,,,flag_up,2025-10-20 13:00:00+09:00,2025-10-20 22:45:00+09:00
2025-10-20 13:52:28.341476+00:00,price_fetch_start,corr-1760965539541,,JPY=X,15m,60d,,
2025-10-20 13:52:28.828117+00:00,price_fetch_success,corr-1760965539541,yfinance_history,JPY=X,15m,60d,481,
2025-10-20 13:52:29.156586+00:00,price_fetch_success,corr-1760965539541,yfinance_download,JPY=X,15m,60d,325,
2025-10-20 13:52:38.391484+00:00,pattern_draw,,,,,,,,flag_up,2025-10-20 13:00:00+09:00,2025-10-20 22:45:00+09:00,40,73.5181773801869
2025-10-20 13:52:38.409536+00:00,pattern_vrect,,,,,,,,flag_up,2025-10-20 13:00:00+09:00,2025-10-20 22:45:00+09:00
2025-10-20 13:56:07.629865+00:00,price_fetch_start,corr-1760965539541,,JPY=X,15m,60d,,
2025-10-20 13:56:08.110881+00:00,price_fetch_success,corr-1760965539541,yfinance_history,JPY=X,15m,60d,476,
2025-10-20 13:56:08.708482+00:00,price_fetch_success,corr-1760965539541,yfinance_download,JPY=X,15m,60d,594,
2025-10-20 13:56:14.659038+00:00,pattern_draw,,,,,,,,flag_up,2025-10-20 13:00:00+09:00,2025-10-20 22:45:00+09:00,40,73.49112994367208
2025-10-20 13:56:14.679520+00:00,pattern_vrect,,,,,,,,flag_up,2025-10-20 13:00:00+09:00,2025-10-20 22:45:00+09:00
2025-10-20 13:58:42.392682+00:00,price_fetch_start,corr-1760965539541,,JPY=X,15m,60d,,
2025-10-20 13:58:42.914266+00:00,price_fetch_success,corr-1760965539541,yfinance_history,JPY=X,15m,60d,518,
2025-10-20 13:58:43.444385+00:00,price_fetch_success,corr-1760965539541,yfinance_download,JPY=X,15m,60d,526,
2025-10-20 13:58:45.883338+00:00,price_fetch_start,corr-1760965539541,,JPY=X,15m,60d,,
2025-10-20 13:58:51.950992+00:00,price_fetch_start,corr-1760965539541,,JPY=X,15m,60d,,
2025-10-20 13:59:03.889627+00:00,pattern_draw,,,,,,,,flag_up,2025-10-20 13:00:00+09:00,2025-10-20 22:45:00+09:00,40,73.3389139656982
2025-10-20 13:59:03.908521+00:00,pattern_vrect,,,,,,,,flag_up,2025-10-20 13:00:00+09:00,2025-10-20 22:45:00+09:00
2025-10-20 14:01:49.688473+00:00,price_fetch_start,corr-1760965539541,,JPY=X,15m,60d,,
2025-10-20 14:01:50.199612+00:00,price_fetch_success,corr-1760965539541,yfinance_history,JPY=X,15m,60d,506,
2025-10-20 14:01:50.802401+00:00,price_fetch_success,corr-1760965539541,yfinance_download,JPY=X,15m,60d,598,
2025-10-20 14:01:58.012025+00:00,pattern_vrect,,,,,,,,double_top,2025-10-20 16:15:00+09:00,2025-10-20 19:00:00+09:00
2025-10-20 14:04:56.361723+00:00,price_fetch_start,corr-1760965539541,,JPY=X,15m,60d,,
2025-10-20 14:04:56.769377+00:00,price_fetch_success,corr-1760965539541,yfinance_history,JPY=X,15m,60d,403,
2025-10-20 14:04:57.283128+00:00,price_fetch_success,corr-1760965539541,yfinance_download,JPY=X,15m,60d,511,
2025-10-20 14:05:04.113628+00:00,pattern_vrect,,,,,,,,double_top,2025-10-20 16:15:00+09:00,2025-10-20 19:00:00+09:00
2025-10-20 14:08:03.268704+00:00,price_fetch_start,corr-1760965539541,,JPY=X,15m,60d,,
2025-10-20 14:08:03.707332+00:00,price_fetch_success,corr-1760965539541,yfinance_history,JPY=X,15m,60d,402,
2025-10-20 14:08:04.247680+00:00,price_fetch_success,corr-1760965539541,yfinance_download,JPY=X,15m,60d,538,
2025-10-20 14:08:14.360941+00:00,pattern_vrect,,,,,,,,double_top,2025-10-20 16:15:00+09:00,2025-10-20 19:00:00+09:00
2025-10-20 14:11:10.241641+00:00,price_fetch_start,corr-1760965539541,,JPY=X,15m,60d,,
2025-10-20 14:11:10.714431+00:00,price_fetch_success,corr-1760965539541,yfinance_history,JPY=X,15m,60d,463,
2025-10-20 14:11:11.325155+00:00,price_fetch_success,corr-1760965539541,yfinance_download,JPY=X,15m,60d,608,
2025-10-20 14:11:21.066001+00:00,pattern_vrect,,,,,,,,double_top,2025-10-20 16:15:00+09:00,2025-10-20 19:00:00+09:00
2025-10-20 14:14:17.674124+00:00,price_fetch_start,corr-1760965539541,,JPY=X,15m,60d,,
2025-10-20 14:14:18.116760+00:00,price_fetch_success,corr-1760965539541,yfinance_history,JPY=X,15m,60d,439,
2025-10-20 14:14:18.441071+00:00,price_fetch_success,corr-1760965539541,yfinance_download,JPY=X,15m,60d,320,
2025-10-20 14:14:26.233969+00:00,pattern_vrect,,,,,,,,double_top,2025-10-20 16:15:00+09:00,2025-10-20 19:00:00+09:00
2025-10-20 14:17:24.277529+00:00,price_fetch_start,corr-1760965539541,,JPY=X,15m,60d,,
2025-10-20 14:17:24.855022+00:00,price_fetch_success,corr-1760965539541,yfinance_history,JPY=X,15m,60d,572,
2025-10-20 14:17:25.458093+00:00,price_fetch_success,corr-1760965539541,yfinance_download,JPY=X,15m,60d,595,
2025-10-20 14:17:36.618350+00:00,pattern_vrect,,,,,,,,double_top,2025-10-20 16:15:00+09:00,2025-10-20 19:00:00+09:00
2025-10-20 14:20:31.441025+00:00,price_fetch_start,corr-1760965539541,,JPY=X,15m,60d,,
2025-10-20 14:20:32.047880+00:00,price_fetch_success,corr-1760965539541,yfinance_history,JPY=X,15m,60d,601,
2025-10-20 14:20:32.512509+00:00,price_fetch_success,corr-1760965539541,yfinance_download,JPY=X,15m,60d,462,
2025-10-20 14:20:42.678856+00:00,pattern_vrect,,,,,,,,double_top,2025-10-20 16:15:00+09:00,2025-10-20 19:00:00+09:00
2025-10-20 14:23:38.359348+00:00,price_fetch_start,corr-1760965539541,,JPY=X,15m,60d,,
2025-10-20 14:23:38.881937+00:00,price_fetch_success,corr-1760965539541,yfinance_history,JPY=X,15m,60d,507,
2025-10-20 14:23:39.188030+00:00,price_fetch_success,corr-1760965539541,yfinance_download,JPY=X,15m,60d,303,
2025-10-20 14:23:48.750568+00:00,pattern_vrect,,,,,,,,double_top,2025-10-20 16:15:00+09:00,2025-10-20 19:00:00+09:00
2025-10-20 14:26:45.214608+00:00,price_fetch_start,corr-1760965539541,,JPY=X,15m,60d,,
2025-10-20 14:26:45.718293+00:00,price_fetch_success,corr-1760965539541,yfinance_history,JPY=X,15m,60d,499,
2025-10-20 14:26:46.288639+00:00,price_fetch_success,corr-1760965539541,yfinance_download,JPY=X,15m,60d,563,
2025-10-20 14:26:57.465128+00:00,pattern_vrect,,,,,,,,double_top,2025-10-20 16:15:00+09:00,2025-10-20 19:00:00+09:00
2025-10-20 14:29:52.627867+00:00,price_fetch_start,corr-1760965539541,,JPY=X,15m,60d,,
2025-10-20 14:29:53.015158+00:00,price_fetch_success,corr-1760965539541,yfinance_history,JPY=X,15m,60d,384,
2025-10-20 14:29:53.655947+00:00,price_fetch_success,corr-1760965539541,yfinance_download,JPY=X,15m,60d,635,
2025-10-20 14:30:02.224190+00:00,pattern_vrect,,,,,,,,double_top,2025-10-20 16:15:00+09:00,2025-10-20 19:00:00+09:00
2025-10-20 14:32:59.237081+00:00,price_fetch_start,corr-1760965539541,,JPY=X,15m,60d,,
2025-10-20 14:32:59.615956+00:00,price_fetch_success,corr-1760965539541,yfinance_history,JPY=X,15m,60d,376,
2025-10-20 14:33:00.141274+00:00,price_fetch_success,corr-1760965539541,yfinance_download,JPY=X,15m,60d,523,
2025-10-20 14:33:10.246931+00:00,pattern_vrect,,,,,,,,double_top,2025-10-20 16:15:00+09:00,2025-10-20 19:00:00+09:00
2025-10-20 14:36:06.300886+00:00,price_fetch_start,corr-1760965539541,,JPY=X,15m,60d,,
2025-10-20 14:36:06.758308+00:00,price_fetch_success,corr-1760965539541,yfinance_history,JPY=X,15m,60d,451,
2025-10-20 14:36:07.258466+00:00,price_fetch_success,corr-1760965539541,yfinance_download,JPY=X,15m,60d,498,
2025-10-20 14:36:19.027778+00:00,pattern_vrect,,,,,,,,double_top,2025-10-20 16:15:00+09:00,2025-10-20 19:00:00+09:00
2025-10-20 14:39:13.217385+00:00,price_fetch_start,corr-1760965539541,,JPY=X,15m,60d,,
2025-10-20 14:39:13.697855+00:00,price_fetch_success,corr-1760965539541,yfinance_history,JPY=X,15m,60d,478,
2025-10-20 14:39:14.304322+00:00,price_fetch_success,corr-1760965539541,yfinance_download,JPY=X,15m,60d,604,
2025-10-20 14:39:23.441786+00:00,pattern_vrect,,,,,,,,double_top,2025-10-20 16:15:00+09:00,2025-10-20 19:00:00+09:00
2025-10-20 14:42:20.435854+00:00,price_fetch_start,corr-1760965539541,,JPY=X,15m,60d,,
2025-10-20 14:42:20.918075+00:00,price_fetch_success,corr-1760965539541,yfinance_history,JPY=X,15m,60d,476,
2025-10-20 14:42:21.473319+00:00,price_fetch_success,corr-1760965539541,yfinance_download,JPY=X,15m,60d,554,
2025-10-20 14:42:32.755048+00:00,pattern_vrect,,,,,,,,double_top,2025-10-20 16:15:00+09:00,2025-10-20 19:00:00+09:00
2025-10-20 14:45:27.552364+00:00,price_fetch_start,corr-1760965539541,,JPY=X,15m,60d,,
2025-10-20 14:45:27.987635+00:00,price_fetch_success,corr-1760965539541,yfinance_history,JPY=X,15m,60d,430,
2025-10-20 14:45:28.624501+00:00,price_fetch_success,corr-1760965539541,yfinance_download,JPY=X,15m,60d,617,
2025-10-20 14:45:38.802871+00:00,pattern_vrect,,,,,,,,double_top,2025-10-20 16:15:00+09:00,2025-10-20 19:00:00+09:00
2025-10-20 14:48:34.306383+00:00,price_fetch_start,corr-1760965539541,,JPY=X,15m,60d,,
2025-10-20 14:48:34.867430+00:00,price_fetch_success,corr-1760965539541,yfinance_history,JPY=X,15m,60d,558,
2025-10-20 14:48:35.382197+00:00,price_fetch_success,corr-1760965539541,yfinance_download,JPY=X,15m,60d,511,
2025-10-20 14:48:44.918501+00:00,pattern_vrect,,,,,,,,double_top,2025-10-20 16:15:00+09:00,2025-10-20 19:00:00+09:00
2025-10-20 14:51:41.455968+00:00,price_fetch_start,corr-1760965539541,,JPY=X,15m,60d,,
2025-10-20 14:51:41.912632+00:00,price_fetch_success,corr-1760965539541,yfinance_history,JPY=X,15m,60d,452,
2025-10-20 14:51:42.379551+00:00,price_fetch_success,corr-1760965539541,yfinance_download,JPY=X,15m,60d,463,
2025-10-20 14:51:51.283186+00:00,pattern_vrect,,,,,,,,double_top,2025-10-20 16:15:00+09:00,2025-10-20 19:00:00+09:00
2025-10-20 14:56:54.275098+00:00,price_fetch_start,corr-1760965539541,,JPY=X,15m,60d,,
2025-10-20 14:56:54.698096+00:00,price_fetch_success,corr-1760965539541,yfinance_history,JPY=X,15m,60d,420,
2025-10-20 14:56:55.128464+00:00,price_fetch_success,corr-1760965539541,yfinance_download,JPY=X,15m,60d,429,
2025-10-20 14:56:56.601045+00:00,pattern_vrect,,,,,,,,double_top,2025-10-20 16:15:00+09:00,2025-10-20 19:00:00+09:00
2025-10-20 15:00:35.373590+00:00,price_fetch_start,corr-1760965539541,,JPY=X,15m,60d,,
2025-10-20 15:00:35.802601+00:00,price_fetch_success,corr-1760965539541,yfinance_history,JPY=X,15m,60d,427,
2025-10-20 15:00:36.187256+00:00,price_fetch_success,corr-1760965539541,yfinance_download,JPY=X,15m,60d,383,
2025-10-20 15:00:37.356421+00:00,pattern_vrect,,,,,,,,double_top,2025-10-20 16:15:00+09:00,2025-10-20 19:00:00+09:00
2025-10-20 15:01:09.788395+00:00,price_fetch_start,corr-1760965539541,,JPY=X,15m,60d,,
2025-10-20 15:01:11.016434+00:00,pattern_vrect,,,,,,,,double_top,2025-10-20 16:15:00+09:00,2025-10-20 19:00:00+09:00
2025-10-20 15:01:37.737564+00:00,price_fetch_start,corr-1760965539541,,JPY=X,15m,60d,,
2025-10-20 15:01:38.098563+00:00,price_fetch_success,corr-1760965539541,yfinance_history,JPY=X,15m,60d,358,
2025-10-20 15:01:38.267340+00:00,price_fetch_success,corr-1760965539541,yfinance_download,JPY=X,15m,60d,167,
2025-10-20 15:01:39.469356+00:00,pattern_vrect,,,,,,,,double_top,2025-10-20 16:15:00+09:00,2025-10-20 19:00:00+09:00
2025-10-20 15:02:01.082523+00:00,price_fetch_start,corr-1760965539541,,JPY=X,15m,60d,,
2025-10-20 15:02:02.280042+00:00,pattern_vrect,,,,,,,,double_top,2025-10-20 16:15:00+09:00,2025-10-20 19:00:00+09:00
2025-10-20 15:02:28.224186+00:00,price_fetch_start,corr-1760965539541,,JPY=X,15m,60d,,
2025-10-20 15:02:29.436969+00:00,pattern_vrect,,,,,,,,double_top,2025-10-20 16:15:00+09:00,2025-10-20 19:00:00+09:00
2025-10-20 15:02:52.515431+00:00,price_fetch_start,corr-1760965539541,,JPY=X,15m,60d,,
2025-10-20 15:02:52.933901+00:00,price_fetch_success,corr-1760965539541,yfinance_history,JPY=X,15m,60d,416,
2025-10-20 15:02:53.279652+00:00,price_fetch_success,corr-1760965539541,yfinance_download,JPY=X,15m,60d,344,
2025-10-20 15:02:54.518795+00:00,pattern_vrect,,,,,,,,double_top,2025-10-20 16:15:00+09:00,2025-10-20 19:00:00+09:00
2025-10-20 15:03:14.142617+00:00,price_fetch_start,corr-1760965539541,,JPY=X,15m,60d,,
2025-10-20 15:03:15.455684+00:00,pattern_vrect,,,,,,,,double_top,2025-10-20 16:15:00+09:00,2025-10-20 19:00:00+09:00
2025-10-20 15:03:33.434787+00:00,price_fetch_start,corr-1760965539541,,JPY=X,15m,60d,,
2025-10-20 15:03:34.953789+00:00,pattern_vrect,,,,,,,,double_top,2025-10-20 16:15:00+09:00,2025-10-20 19:00:00+09:00
2025-10-20 15:03:37.408905+00:00,price_fetch_start,corr-1760972617407,,JPY=X,15m,60d,,
2025-10-20 15:03:38.083851+00:00,price_fetch_success,corr-1760972617407,yfinance_history,JPY=X,15m,60d,659,
2025-10-20 15:03:38.510293+00:00,price_fetch_success,corr-1760972617407,yfinance_download,JPY=X,15m,60d,424,
2025-10-20 15:03:42.078126+00:00,pattern_vrect,,,,,,,,double_top,2025-10-20 16:15:00+09:00,2025-10-20 19:00:00+09:00
2025-10-20 15:03:48.087036+00:00,price_fetch_start,corr-1760965539541,,JPY=X,15m,60d,,
2025-10-20 15:03:49.582046+00:00,pattern_vrect,,,,,,,,double_top,2025-10-20 16:15:00+09:00,2025-10-20 19:00:00+09:00
2025-10-20 15:04:04.760235+00:00,price_fetch_start,corr-1760965539541,,JPY=X,15m,60d,,
2025-10-20 15:04:05.265235+00:00,price_fetch_success,corr-1760965539541,yfinance_history,JPY=X,15m,60d,503,
2025-10-20 15:04:05.441262+00:00,price_fetch_success,corr-1760965539541,yfinance_download,JPY=X,15m,60d,173,
2025-10-20 15:04:06.520276+00:00,pattern_vrect,,,,,,,,double_top,2025-10-20 16:15:00+09:00,2025-10-20 19:00:00+09:00
2025-10-20 15:04:23.409703+00:00,price_fetch_start,corr-1760965539541,,JPY=X,15m,60d,,
2025-10-20 15:04:25.333267+00:00,price_fetch_start,corr-1760972665333,,JPY=X,15m,60d,,
2025-10-20 15:04:26.757944+00:00,pattern_vrect,,,,,,,,double_top,2025-10-20 16:15:00+09:00,2025-10-20 19:00:00+09:00
2025-10-20 15:05:23.796600+00:00,price_fetch_start,corr-1760972723796,,JPY=X,15m,60d,,
2025-10-20 15:05:24.773358+00:00,price_fetch_success,corr-1760972723796,yfinance_history,JPY=X,15m,60d,972,
2025-10-20 15:05:25.127207+00:00,price_fetch_success,corr-1760972723796,yfinance_download,JPY=X,15m,60d,352,
2025-10-20 15:05:26.368646+00:00,pattern_vrect,,,,,,,,double_top,2025-10-20 16:15:00+09:00,2025-10-20 19:00:00+09:00
2025-10-20 15:08:31.023148+00:00,price_fetch_start,corr-1760972911023,,JPY=X,15m,60d,,
2025-10-20 15:08:31.859843+00:00,price_fetch_success,corr-1760972911023,yfinance_history,JPY=X,15m,60d,831,
2025-10-20 15:08:32.096366+00:00,price_fetch_success,corr-1760972911023,yfinance_download,JPY=X,15m,60d,234,
2025-10-20 15:08:33.489658+00:00,pattern_vrect,,,,,,,,double_top,2025-10-20 16:15:00+09:00,2025-10-20 19:00:00+09:00
2025-10-20 15:10:02.435233+00:00,price_fetch_start,corr-1760973002435,,JPY=X,15m,60d,,
2025-10-20 15:10:03.227698+00:00,price_fetch_success,corr-1760973002435,yfinance_history,JPY=X,15m,60d,787,
2025-10-20 15:10:03.659737+00:00,price_fetch_success,corr-1760973002435,yfinance_download,JPY=X,15m,60d,430,
2025-10-20 15:10:05.052270+00:00,pattern_vrect,,,,,,,,double_top,2025-10-20 16:15:00+09:00,2025-10-20 19:00:00+09:00
2025-10-20 15:13:20.017089+00:00,price_fetch_start,corr-1760973200017,,JPY=X,15m,60d,,
2025-10-20 15:13:20.889599+00:00,price_fetch_success,corr-1760973200017,yfinance_history,JPY=X,15m,60d,867,
2025-10-20 15:13:21.302717+00:00,price_fetch_success,corr-1760973200017,yfinance_download,JPY=X,15m,60d,412,
2025-10-20 15:13:22.597590+00:00,pattern_vrect,,,,,,,,double_top,2025-10-20 16:15:00+09:00,2025-10-20 19:00:00+09:00
2025-10-20 15:14:52.920010+00:00,price_fetch_start,corr-1760973292920,,JPY=X,15m,60d,,
2025-10-20 15:14:53.831113+00:00,price_fetch_success,corr-1760973292920,yfinance_history,JPY=X,15m,60d,907,
2025-10-20 15:14:54.253491+00:00,price_fetch_success,corr-1760973292920,yfinance_download,JPY=X,15m,60d,421,
2025-10-20 15:14:55.479683+00:00,pattern_vrect,,,,,,,,double_top,2025-10-20 16:15:00+09:00,2025-10-20 19:00:00+09:00
2025-10-20 15:15:34.324718+00:00,price_fetch_start,corr-1760972665333,,JPY=X,15m,60d,,
2025-10-20 15:15:34.649869+00:00,price_fetch_success,corr-1760972665333,yfinance_history,JPY=X,15m,60d,323,
2025-10-20 15:15:34.836742+00:00,price_fetch_success,corr-1760972665333,yfinance_download,JPY=X,15m,60d,185,
2025-10-20 15:15:35.934822+00:00,pattern_vrect,,,,,,,,double_top,2025-10-20 16:15:00+09:00,2025-10-20 19:00:00+09:00
2025-10-20 15:15:54.831105+00:00,price_fetch_start,corr-1760972665333,,JPY=X,15m,60d,,
2025-10-20 15:15:56.150254+00:00,pattern_vrect,,,,,,,,double_top,2025-10-20 16:15:00+09:00,2025-10-20 19:00:00+09:00
2025-10-20 15:15:57.642392+00:00,price_fetch_start,corr-1760973357642,,JPY=X,15m,60d,,
2025-10-20 15:15:58.943489+00:00,pattern_vrect,,,,,,,,double_top,2025-10-20 16:15:00+09:00,2025-10-20 19:00:00+09:00
2025-10-20 15:17:31.345075+00:00,price_fetch_start,corr-1760973357642,,JPY=X,15m,60d,,
2025-10-20 15:17:31.726241+00:00,price_fetch_success,corr-1760973357642,yfinance_history,JPY=X,15m,60d,379,
2025-10-20 15:17:32.000525+00:00,price_fetch_success,corr-1760973357642,yfinance_download,JPY=X,15m,60d,273,
2025-10-20 15:17:33.458545+00:00,pattern_vrect,,,,,,,,double_top,2025-10-20 16:15:00+09:00,2025-10-20 19:00:00+09:00
2025-10-20 15:18:19.869431+00:00,price_fetch_start,corr-1760973357642,,JPY=X,15m,60d,,
2025-10-20 15:18:59.811489+00:00,pattern_vrect,,,,,,,,double_top,2025-10-20 16:15:00+09:00,2025-10-20 19:00:00+09:00
2025-10-20 15:19:59.166552+00:00,price_fetch_start,corr-1760973599165,,JPY=X,15m,60d,,
2025-10-20 15:20:00.042160+00:00,price_fetch_success,corr-1760973599165,yfinance_history,JPY=X,15m,60d,870,
2025-10-20 15:20:00.498661+00:00,price_fetch_success,corr-1760973599165,yfinance_download,JPY=X,15m,60d,454,
2025-10-20 15:20:01.752999+00:00,pattern_vrect,,,,,,,,double_top,2025-10-20 16:15:00+09:00,2025-10-20 19:00:00+09:00
2025-10-20 15:25:27.381772+00:00,price_fetch_start,corr-1760973927381,,JPY=X,15m,60d,,
2025-10-20 15:25:28.134948+00:00,price_fetch_success,corr-1760973927381,yfinance_history,JPY=X,15m,60d,747,
2025-10-20 15:25:28.625838+00:00,price_fetch_success,corr-1760973927381,yfinance_download,JPY=X,15m,60d,489,
2025-10-20 15:25:29.784010+00:00,pattern_vrect,,,,,,,,double_top,2025-10-20 16:15:00+09:00,2025-10-20 19:00:00+09:00
2025-10-20 15:25:59.242808+00:00,price_fetch_start,corr-1760973357642,,JPY=X,15m,60d,,
2025-10-20 15:25:59.680124+00:00,price_fetch_success,corr-1760973357642,yfinance_history,JPY=X,15m,60d,435,
2025-10-20 15:26:00.065880+00:00,price_fetch_success,corr-1760973357642,yfinance_download,JPY=X,15m,60d,384,
2025-10-20 15:26:36.647011+00:00,pattern_vrect,,,,,,,,double_top,2025-10-20 16:15:00+09:00,2025-10-20 19:00:00+09:00
2025-10-20 15:29:31.544342+00:00,price_fetch_start,corr-1760974171544,,JPY=X,15m,60d,,
2025-10-20 15:29:32.406323+00:00,price_fetch_success,corr-1760974171544,yfinance_history,JPY=X,15m,60d,857,
2025-10-20 15:29:32.837987+00:00,price_fetch_success,corr-1760974171544,yfinance_download,JPY=X,15m,60d,430,
2025-10-20 15:29:34.106731+00:00,pattern_vrect,,,,,,,,double_top,2025-10-20 16:15:00+09:00,2025-10-20 19:00:00+09:00
2025-10-20 15:30:10.470979+00:00,price_fetch_start,corr-1760974210470,,JPY=X,15m,60d,,
2025-10-20 15:30:11.283181+00:00,price_fetch_success,corr-1760974210470,yfinance_history,JPY=X,15m,60d,807,
2025-10-20 15:30:11.621184+00:00,price_fetch_success,corr-1760974210470,yfinance_download,JPY=X,15m,60d,337,
2025-10-20 15:30:12.802672+00:00,pattern_vrect,,,,,,,,double_top,2025-10-20 16:15:00+09:00,2025-10-20 19:00:00+09:00
2025-10-20 15:31:20.784393+00:00,price_fetch_start,corr-1760974280784,,JPY=X,15m,60d,,
2025-10-20 15:31:21.558849+00:00,price_fetch_success,corr-1760974280784,yfinance_history,JPY=X,15m,60d,769,
2025-10-20 15:31:21.993245+00:00,price_fetch_success,corr-1760974280784,yfinance_download,JPY=X,15m,60d,432,
2025-10-20 15:31:23.180423+00:00,pattern_vrect,,,,,,,,double_top,2025-10-20 16:15:00+09:00,2025-10-20 19:00:00+09:00
2025-10-20 15:32:11.831903+00:00,price_fetch_start,corr-1760974331831,,JPY=X,15m,60d,,
2025-10-20 15:32:12.601813+00:00,price_fetch_success,corr-1760974331831,yfinance_history,JPY=X,15m,60d,764,
2025-10-20 15:32:12.771557+00:00,price_fetch_success,corr-1760974331831,yfinance_download,JPY=X,15m,60d,167,
2025-10-20 15:32:13.921919+00:00,pattern_vrect,,,,,,,,double_top,2025-10-20 16:15:00+09:00,2025-10-20 19:00:00+09:00
2025-10-20 15:32:49.982579+00:00,price_fetch_start,corr-1760974369982,,JPY=X,15m,60d,,
2025-10-20 15:32:50.753046+00:00,price_fetch_success,corr-1760974369982,yfinance_history,JPY=X,15m,60d,765,
2025-10-20 15:32:51.120179+00:00,price_fetch_success,corr-1760974369982,yfinance_download,JPY=X,15m,60d,366,
2025-10-20 15:32:52.295534+00:00,pattern_vrect,,,,,,,,double_top,2025-10-20 16:15:00+09:00,2025-10-20 19:00:00+09:00
2025-10-20 15:34:19.185759+00:00,price_fetch_start,corr-1760974459184,,JPY=X,15m,60d,,
2025-10-20 15:34:20.127999+00:00,price_fetch_success,corr-1760974459184,yfinance_history,JPY=X,15m,60d,937,
2025-10-20 15:34:20.297147+00:00,price_fetch_success,corr-1760974459184,yfinance_download,JPY=X,15m,60d,167,
2025-10-20 15:34:21.436049+00:00,pattern_vrect,,,,,,,,double_top,2025-10-20 16:15:00+09:00,2025-10-20 19:00:00+09:00
2025-10-20 15:35:22.900051+00:00,price_fetch_start,corr-1760974522900,,JPY=X,15m,60d,,
2025-10-20 15:35:23.717456+00:00,price_fetch_success,corr-1760974522900,yfinance_history,JPY=X,15m,60d,813,
2025-10-20 15:35:23.887765+00:00,price_fetch_success,corr-1760974522900,yfinance_download,JPY=X,15m,60d,169,
2025-10-20 15:35:25.068192+00:00,pattern_vrect,,,,,,,,double_top,2025-10-20 16:15:00+09:00,2025-10-20 19:00:00+09:00
2025-10-20 15:35:59.184972+00:00,price_fetch_start,corr-1760973357642,,JPY=X,15m,60d,,
2025-10-20 15:35:59.568983+00:00,price_fetch_success,corr-1760973357642,yfinance_history,JPY=X,15m,60d,382,
2025-10-20 15:35:59.713321+00:00,price_fetch_success,corr-1760973357642,yfinance_download,JPY=X,15m,60d,143,
2025-10-20 15:36:13.072033+00:00,price_fetch_start,corr-1760974573072,,JPY=X,15m,60d,,
2025-10-20 15:36:13.901885+00:00,price_fetch_success,corr-1760974573072,yfinance_history,JPY=X,15m,60d,825,
2025-10-20 15:36:14.329999+00:00,price_fetch_success,corr-1760974573072,yfinance_download,JPY=X,15m,60d,427,
2025-10-20 15:36:15.450150+00:00,pattern_vrect,,,,,,,,double_top,2025-10-20 16:15:00+09:00,2025-10-20 19:00:00+09:00
2025-10-20 15:36:35.584410+00:00,pattern_vrect,,,,,,,,double_top,2025-10-20 16:15:00+09:00,2025-10-20 19:00:00+09:00
2025-10-20 15:37:51.627868+00:00,price_fetch_start,corr-1760974671627,,JPY=X,15m,60d,,
2025-10-20 15:37:52.764948+00:00,price_fetch_success,corr-1760974671627,yfinance_history,JPY=X,15m,60d,1133,
2025-10-20 15:37:53.102581+00:00,price_fetch_success,corr-1760974671627,yfinance_download,JPY=X,15m,60d,332,
2025-10-20 15:37:54.332614+00:00,pattern_vrect,,,,,,,,double_top,2025-10-20 16:15:00+09:00,2025-10-20 19:00:00+09:00
2025-10-20 15:45:59.170734+00:00,price_fetch_start,corr-1760973357642,,JPY=X,15m,60d,,
2025-10-20 15:45:59.532328+00:00,price_fetch_success,corr-1760973357642,yfinance_history,JPY=X,15m,60d,360,
2025-10-20 15:45:59.950700+00:00,price_fetch_success,corr-1760973357642,yfinance_download,JPY=X,15m,60d,417,
2025-10-20 15:46:39.291964+00:00,pattern_vrect,,,,,,,,double_top,2025-10-20 16:15:00+09:00,2025-10-20 19:00:00+09:00
2025-10-20 15:47:06.835489+00:00,price_fetch_start,corr-1760973357642,,JPY=X,15m,60d,,
2025-10-20 15:47:07.261696+00:00,price_fetch_success,corr-1760973357642,yfinance_history,JPY=X,15m,60d,424,
2025-10-20 15:47:07.606786+00:00,price_fetch_success,corr-1760973357642,yfinance_download,JPY=X,15m,60d,344,
2025-10-20 15:47:43.534059+00:00,price_fetch_start,corr-1760973357642,,JPY=X,15m,60d,,
2025-10-20 15:47:49.982097+00:00,pattern_vrect,,,,,,,,double_top,2025-10-20 16:15:00+09:00,2025-10-20 19:00:00+09:00
2025-10-20 15:50:11.508233+00:00,price_fetch_start,corr-1760975411508,,JPY=X,15m,60d,,
2025-10-20 15:50:12.289539+00:00,price_fetch_success,corr-1760975411508,yfinance_history,JPY=X,15m,60d,777,
2025-10-20 15:50:12.696455+00:00,price_fetch_success,corr-1760975411508,yfinance_download,JPY=X,15m,60d,404,
2025-10-20 15:50:13.860476+00:00,pattern_vrect,,,,,,,,double_top,2025-10-20 16:15:00+09:00,2025-10-20 19:00:00+09:00
2025-10-20 15:54:57.474066+00:00,price_fetch_start,corr-1760975697474,,JPY=X,15m,60d,,
2025-10-20 15:54:58.307401+00:00,price_fetch_success,corr-1760975697474,yfinance_history,JPY=X,15m,60d,828,
2025-10-20 15:54:58.657238+00:00,price_fetch_success,corr-1760975697474,yfinance_download,JPY=X,15m,60d,348,
2025-10-20 15:54:59.875213+00:00,pattern_vrect,,,,,,,,double_top,2025-10-20 16:15:00+09:00,2025-10-20 19:00:00+09:00
2025-10-20 15:58:17.101950+00:00,price_fetch_start,corr-1760975897101,,JPY=X,15m,60d,,
2025-10-20 15:58:17.475951+00:00,price_fetch_success,corr-1760975897101,yfinance_history,JPY=X,15m,60d,370,
2025-10-20 15:58:17.654482+00:00,price_fetch_success,corr-1760975897101,yfinance_download,JPY=X,15m,60d,177,
2025-10-20 15:58:19.056616+00:00,pattern_vrect,,,,,,,,double_top,2025-10-20 16:15:00+09:00,2025-10-20 19:00:00+09:00
2025-10-20 16:00:25.732549+00:00,price_fetch_start,corr-1760976025732,,JPY=X,15m,60d,,
2025-10-20 16:00:26.189219+00:00,price_fetch_success,corr-1760976025732,yfinance_history,JPY=X,15m,60d,452,
2025-10-20 16:00:26.600247+00:00,price_fetch_success,corr-1760976025732,yfinance_download,JPY=X,15m,60d,410,
2025-10-20 16:00:27.803532+00:00,pattern_vrect,,,,,,,,double_top,2025-10-20 16:15:00+09:00,2025-10-20 19:00:00+09:00
2025-10-20 16:00:36.203691+00:00,price_fetch_start,corr-1760976036203,,JPY=X,15m,60d,,
2025-10-20 16:00:37.721701+00:00,pattern_vrect,,,,,,,,double_top,2025-10-20 16:15:00+09:00,2025-10-20 19:00:00+09:00
2025-10-20 16:03:10.507665+00:00,price_fetch_start,corr-1760976190506,,JPY=X,15m,60d,,
2025-10-20 16:03:11.401160+00:00,price_fetch_success,corr-1760976190506,yfinance_history,JPY=X,15m,60d,888,
2025-10-20 16:03:11.853396+00:00,price_fetch_success,corr-1760976190506,yfinance_download,JPY=X,15m,60d,451,
2025-10-20 16:03:13.031073+00:00,pattern_vrect,,,,,,,,double_top,2025-10-20 16:15:00+09:00,2025-10-20 19:00:00+09:00
2025-10-20 16:04:15.734404+00:00,price_fetch_start,corr-1760976255734,,JPY=X,15m,60d,,
2025-10-20 16:04:16.098316+00:00,price_fetch_success,corr-1760976255734,yfinance_history,JPY=X,15m,60d,358,
2025-10-20 16:04:16.267229+00:00,price_fetch_success,corr-1760976255734,yfinance_download,JPY=X,15m,60d,168,
2025-10-20 16:04:17.439741+00:00,pattern_vrect,,,,,,,,double_top,2025-10-20 16:15:00+09:00,2025-10-20 19:00:00+09:00
2025-10-20 16:07:38.084588+00:00,price_fetch_start,corr-1760976458084,,JPY=X,15m,60d,,
2025-10-20 16:07:38.922284+00:00,price_fetch_success,corr-1760976458084,yfinance_history,JPY=X,15m,60d,831,
2025-10-20 16:07:39.304179+00:00,price_fetch_success,corr-1760976458084,yfinance_download,JPY=X,15m,60d,380,
2025-10-20 16:07:40.626943+00:00,pattern_vrect,,,,,,,,double_top,2025-10-20 16:15:00+09:00,2025-10-20 19:00:00+09:00
2025-10-20 16:08:17.358877+00:00,price_fetch_start,corr-1760976497358,,JPY=X,15m,60d,,
2025-10-20 16:08:18.177858+00:00,price_fetch_success,corr-1760976497358,yfinance_history,JPY=X,15m,60d,814,
2025-10-20 16:08:18.598724+00:00,price_fetch_success,corr-1760976497358,yfinance_download,JPY=X,15m,60d,419,
2025-10-20 16:08:19.744846+00:00,pattern_vrect,,,,,,,,double_top,2025-10-20 16:15:00+09:00,2025-10-20 19:00:00+09:00
2025-10-20 16:14:17.261858+00:00,price_fetch_start,corr-1760976255734,,JPY=X,15m,60d,,
2025-10-20 16:14:17.638500+00:00,price_fetch_success,corr-1760976255734,yfinance_history,JPY=X,15m,60d,375,
2025-10-20 16:14:18.133334+00:00,price_fetch_success,corr-1760976255734,yfinance_download,JPY=X,15m,60d,493,
2025-10-20 16:14:19.374941+00:00,pattern_vrect,,,,,,,,double_top,2025-10-20 16:15:00+09:00,2025-10-20 19:00:00+09:00
2025-10-20 16:18:52.626298+00:00,price_fetch_start,corr-1760977132626,,JPY=X,15m,60d,,
2025-10-20 16:18:53.542730+00:00,price_fetch_success,corr-1760977132626,yfinance_history,JPY=X,15m,60d,912,
2025-10-20 16:18:53.948901+00:00,price_fetch_success,corr-1760977132626,yfinance_download,JPY=X,15m,60d,405,
2025-10-20 16:18:55.236397+00:00,pattern_draw,,,,,,,,flag_dn,2025-10-20 15:30:00+09:00,2025-10-21 01:15:00+09:00,40,73.37009230029155
2025-10-20 16:18:55.244412+00:00,pattern_vrect,,,,,,,,flag_dn,2025-10-20 15:30:00+09:00,2025-10-21 01:15:00+09:00
2025-10-20 16:19:25.659233+00:00,price_fetch_start,corr-1760977165659,,JPY=X,15m,60d,,
2025-10-20 16:19:26.450387+00:00,price_fetch_success,corr-1760977165659,yfinance_history,JPY=X,15m,60d,788,
2025-10-20 16:19:26.920186+00:00,price_fetch_success,corr-1760977165659,yfinance_download,JPY=X,15m,60d,468,
2025-10-20 16:19:28.175437+00:00,pattern_draw,,,,,,,,flag_dn,2025-10-20 15:30:00+09:00,2025-10-21 01:15:00+09:00,40,73.36023864685885
2025-10-20 16:19:28.182420+00:00,pattern_vrect,,,,,,,,flag_dn,2025-10-20 15:30:00+09:00,2025-10-21 01:15:00+09:00
2025-10-20 16:20:26.813572+00:00,price_fetch_start,corr-1760977226813,,JPY=X,15m,60d,,
2025-10-20 16:20:27.828391+00:00,price_fetch_success,corr-1760977226813,yfinance_history,JPY=X,15m,60d,1009,
2025-10-20 16:20:28.236857+00:00,price_fetch_success,corr-1760977226813,yfinance_download,JPY=X,15m,60d,406,
2025-10-20 16:20:29.409988+00:00,pattern_draw,,,,,,,,flag_dn,2025-10-20 15:30:00+09:00,2025-10-21 01:15:00+09:00,40,73.36035685653864
2025-10-20 16:20:29.417136+00:00,pattern_vrect,,,,,,,,flag_dn,2025-10-20 15:30:00+09:00,2025-10-21 01:15:00+09:00
2025-10-20 16:20:57.108924+00:00,price_fetch_start,corr-1760977257108,,JPY=X,15m,60d,,
2025-10-20 16:20:57.457600+00:00,price_fetch_success,corr-1760977257108,yfinance_history,JPY=X,15m,60d,346,
2025-10-20 16:20:57.632591+00:00,price_fetch_success,corr-1760977257108,yfinance_download,JPY=X,15m,60d,172,
2025-10-20 16:20:58.651876+00:00,pattern_draw,,,,,,,,flag_dn,2025-10-20 15:30:00+09:00,2025-10-21 01:15:00+09:00,40,73.35985857149343
2025-10-20 16:20:58.657897+00:00,pattern_vrect,,,,,,,,flag_dn,2025-10-20 15:30:00+09:00,2025-10-21 01:15:00+09:00
2025-10-20 16:21:36.420135+00:00,price_fetch_start,corr-1760977296420,,JPY=X,15m,60d,,
2025-10-20 16:21:37.246081+00:00,price_fetch_success,corr-1760977296420,yfinance_history,JPY=X,15m,60d,822,
2025-10-20 16:21:37.713343+00:00,price_fetch_success,corr-1760977296420,yfinance_download,JPY=X,15m,60d,465,
2025-10-20 16:21:38.937499+00:00,pattern_draw,,,,,,,,flag_dn,2025-10-20 15:30:00+09:00,2025-10-21 01:15:00+09:00,40,73.36079705220233
2025-10-20 16:21:38.948496+00:00,pattern_vrect,,,,,,,,flag_dn,2025-10-20 15:30:00+09:00,2025-10-21 01:15:00+09:00
2025-10-20 16:22:09.217668+00:00,price_fetch_start,corr-1760977329217,,JPY=X,15m,60d,,
2025-10-20 16:22:09.979221+00:00,price_fetch_success,corr-1760977329217,yfinance_history,JPY=X,15m,60d,758,
2025-10-20 16:22:10.383804+00:00,price_fetch_success,corr-1760977329217,yfinance_download,JPY=X,15m,60d,403,
2025-10-20 16:22:11.585580+00:00,pattern_draw,,,,,,,,flag_dn,2025-10-20 15:30:00+09:00,2025-10-21 01:15:00+09:00,40,73.36150248751956
2025-10-20 16:22:11.593578+00:00,pattern_vrect,,,,,,,,flag_dn,2025-10-20 15:30:00+09:00,2025-10-21 01:15:00+09:00
2025-10-20 16:22:41.305854+00:00,price_fetch_start,corr-1760977361305,,JPY=X,15m,60d,,
2025-10-20 16:22:42.319426+00:00,price_fetch_success,corr-1760977361305,yfinance_history,JPY=X,15m,60d,1010,
2025-10-20 16:22:42.463783+00:00,price_fetch_success,corr-1760977361305,yfinance_download,JPY=X,15m,60d,143,
2025-10-20 16:22:43.617666+00:00,pattern_draw,,,,,,,,flag_dn,2025-10-20 15:30:00+09:00,2025-10-21 01:15:00+09:00,40,73.36201784657948
2025-10-20 16:22:43.629665+00:00,pattern_vrect,,,,,,,,flag_dn,2025-10-20 15:30:00+09:00,2025-10-21 01:15:00+09:00
2025-10-20 16:23:16.437759+00:00,price_fetch_start,corr-1760977396437,,JPY=X,15m,60d,,
2025-10-20 16:23:17.308734+00:00,price_fetch_success,corr-1760977396437,yfinance_history,JPY=X,15m,60d,865,
2025-10-20 16:23:17.727880+00:00,price_fetch_success,corr-1760977396437,yfinance_download,JPY=X,15m,60d,418,
2025-10-20 16:23:18.872338+00:00,pattern_draw,,,,,,,,flag_dn,2025-10-20 15:30:00+09:00,2025-10-21 01:15:00+09:00,40,73.34396391648377
2025-10-20 16:23:18.879354+00:00,pattern_vrect,,,,,,,,flag_dn,2025-10-20 15:30:00+09:00,2025-10-21 01:15:00+09:00
2025-10-20 16:23:47.043525+00:00,price_fetch_start,corr-1760977427043,,JPY=X,15m,60d,,
2025-10-20 16:23:47.429195+00:00,price_fetch_success,corr-1760977427043,yfinance_history,JPY=X,15m,60d,383,
2025-10-20 16:23:47.883820+00:00,price_fetch_success,corr-1760977427043,yfinance_download,JPY=X,15m,60d,453,
2025-10-20 16:23:48.934663+00:00,pattern_draw,,,,,,,,flag_dn,2025-10-20 15:30:00+09:00,2025-10-21 01:15:00+09:00,40,73.34403153483127
2025-10-20 16:23:48.941662+00:00,pattern_vrect,,,,,,,,flag_dn,2025-10-20 15:30:00+09:00,2025-10-21 01:15:00+09:00
2025-10-20 16:24:16.753625+00:00,price_fetch_start,corr-1760976255734,,JPY=X,15m,60d,,
2025-10-20 16:24:17.156610+00:00,price_fetch_success,corr-1760976255734,yfinance_history,JPY=X,15m,60d,400,
2025-10-20 16:24:17.575623+00:00,price_fetch_success,corr-1760976255734,yfinance_download,JPY=X,15m,60d,418,
2025-10-20 16:24:18.941468+00:00,pattern_draw,,,,,,,,flag_dn,2025-10-20 15:30:00+09:00,2025-10-21 01:15:00+09:00,40,73.33350195536022
2025-10-20 16:24:18.950446+00:00,pattern_vrect,,,,,,,,flag_dn,2025-10-20 15:30:00+09:00,2025-10-21 01:15:00+09:00
2025-10-20 16:24:19.696582+00:00,price_fetch_start,corr-1760977459696,,JPY=X,15m,60d,,
2025-10-20 16:24:20.650207+00:00,price_fetch_success,corr-1760977459696,yfinance_history,JPY=X,15m,60d,948,
2025-10-20 16:24:20.830052+00:00,price_fetch_success,corr-1760977459696,yfinance_download,JPY=X,15m,60d,178,
2025-10-20 16:24:21.992572+00:00,pattern_draw,,,,,,,,flag_dn,2025-10-20 15:30:00+09:00,2025-10-21 01:15:00+09:00,40,73.33350195536022
2025-10-20 16:24:22.000199+00:00,pattern_vrect,,,,,,,,flag_dn,2025-10-20 15:30:00+09:00,2025-10-21 01:15:00+09:00
2025-10-20 16:24:26.626834+00:00,price_fetch_start,corr-1760977466626,,JPY=X,15m,60d,,
2025-10-20 16:24:27.541286+00:00,price_fetch_success,corr-1760977466626,yfinance_history,JPY=X,15m,60d,910,
2025-10-20 16:24:27.711210+00:00,price_fetch_success,corr-1760977466626,yfinance_download,JPY=X,15m,60d,168,
2025-10-20 16:24:28.956212+00:00,pattern_draw,,,,,,,,flag_dn,2025-10-20 15:30:00+09:00,2025-10-21 01:15:00+09:00,40,73.33327451908136
2025-10-20 16:24:28.963211+00:00,pattern_vrect,,,,,,,,flag_dn,2025-10-20 15:30:00+09:00,2025-10-21 01:15:00+09:00
2025-10-20 16:24:53.936320+00:00,price_fetch_start,corr-1760977493936,,JPY=X,15m,60d,,
2025-10-20 16:24:54.659907+00:00,price_fetch_success,corr-1760977493936,yfinance_history,JPY=X,15m,60d,719,
2025-10-20 16:24:55.042637+00:00,price_fetch_success,corr-1760977493936,yfinance_download,JPY=X,15m,60d,380,
2025-10-20 16:24:56.172172+00:00,pattern_draw,,,,,,,,flag_dn,2025-10-20 15:30:00+09:00,2025-10-21 01:15:00+09:00,40,73.32192463818383
2025-10-20 16:24:56.180170+00:00,pattern_vrect,,,,,,,,flag_dn,2025-10-20 15:30:00+09:00,2025-10-21 01:15:00+09:00
2025-10-20 16:24:56.623106+00:00,price_fetch_start,corr-1760977496623,,JPY=X,15m,60d,,
2025-10-20 16:24:57.060669+00:00,price_fetch_success,corr-1760977496623,yfinance_history,JPY=X,15m,60d,434,
2025-10-20 16:24:57.620987+00:00,price_fetch_success,corr-1760977496623,yfinance_download,JPY=X,15m,60d,559,
2025-10-20 16:24:58.601606+00:00,pattern_draw,,,,,,,,flag_dn,2025-10-20 15:30:00+09:00,2025-10-21 01:15:00+09:00,40,73.32554045620688
2025-10-20 16:24:58.607604+00:00,pattern_vrect,,,,,,,,flag_dn,2025-10-20 15:30:00+09:00,2025-10-21 01:15:00+09:00
2025-10-20 16:25:25.844854+00:00,price_fetch_start,corr-1760977525844,,JPY=X,15m,60d,,
2025-10-20 16:25:26.629704+00:00,price_fetch_success,corr-1760977525844,yfinance_history,JPY=X,15m,60d,777,
2025-10-20 16:25:27.033073+00:00,price_fetch_success,corr-1760977525844,yfinance_download,JPY=X,15m,60d,402,
2025-10-20 16:25:28.312114+00:00,pattern_draw,,,,,,,,flag_dn,2025-10-20 15:30:00+09:00,2025-10-21 01:15:00+09:00,40,73.28626430043326
2025-10-20 16:25:28.323113+00:00,pattern_vrect,,,,,,,,flag_dn,2025-10-20 15:30:00+09:00,2025-10-21 01:15:00+09:00
2025-10-20 16:25:58.186548+00:00,price_fetch_start,corr-1760977558186,,JPY=X,15m,60d,,
2025-10-20 16:25:58.603378+00:00,price_fetch_success,corr-1760977558186,yfinance_history,JPY=X,15m,60d,412,
2025-10-20 16:25:58.793095+00:00,price_fetch_success,corr-1760977558186,yfinance_download,JPY=X,15m,60d,188,
2025-10-20 16:25:59.814825+00:00,pattern_draw,,,,,,,,flag_dn,2025-10-20 15:30:00+09:00,2025-10-21 01:15:00+09:00,40,73.28825196521592
2025-10-20 16:25:59.820803+00:00,pattern_vrect,,,,,,,,flag_dn,2025-10-20 15:30:00+09:00,2025-10-21 01:15:00+09:00
2025-10-20 16:26:27.766355+00:00,price_fetch_start,corr-1760977587766,,JPY=X,15m,60d,,
2025-10-20 16:26:28.612034+00:00,price_fetch_success,corr-1760977587766,yfinance_history,JPY=X,15m,60d,841,
2025-10-20 16:26:28.788460+00:00,price_fetch_success,corr-1760977587766,yfinance_download,JPY=X,15m,60d,175,
2025-10-20 16:26:29.979748+00:00,pattern_draw,,,,,,,,flag_dn,2025-10-20 15:30:00+09:00,2025-10-21 01:15:00+09:00,40,73.27049266536783
2025-10-20 16:26:29.988053+00:00,pattern_vrect,,,,,,,,flag_dn,2025-10-20 15:30:00+09:00,2025-10-21 01:15:00+09:00
2025-10-20 16:26:48.565476+00:00,price_fetch_start,corr-1760977608565,,JPY=X,15m,60d,,
2025-10-20 16:26:49.006422+00:00,price_fetch_success,corr-1760977608565,yfinance_history,JPY=X,15m,60d,436,
2025-10-20 16:26:49.574152+00:00,price_fetch_success,corr-1760977608565,yfinance_download,JPY=X,15m,60d,566,
2025-10-20 16:26:50.759023+00:00,pattern_draw,,,,,,,,flag_dn,2025-10-20 15:30:00+09:00,2025-10-21 01:15:00+09:00,40,73.27081029376336
2025-10-20 16:26:50.765026+00:00,pattern_vrect,,,,,,,,flag_dn,2025-10-20 15:30:00+09:00,2025-10-21 01:15:00+09:00
2025-10-20 16:26:59.620676+00:00,price_fetch_start,corr-1760977619620,,JPY=X,15m,60d,,
2025-10-20 16:27:00.129785+00:00,price_fetch_success,corr-1760977619620,yfinance_history,JPY=X,15m,60d,505,
2025-10-20 16:27:00.548495+00:00,price_fetch_success,corr-1760977619620,yfinance_download,JPY=X,15m,60d,417,
2025-10-20 16:27:01.538040+00:00,pattern_draw,,,,,,,,flag_dn,2025-10-20 15:30:00+09:00,2025-10-21 01:15:00+09:00,40,73.27060167127887
2025-10-20 16:27:01.543048+00:00,pattern_vrect,,,,,,,,flag_dn,2025-10-20 15:30:00+09:00,2025-10-21 01:15:00+09:00
2025-10-20 16:27:19.339074+00:00,price_fetch_start,corr-1760977608565,,JPY=X,15m,60d,,
2025-10-20 16:27:20.936520+00:00,pattern_draw,,,,,,,,flag_dn,2025-10-20 15:30:00+09:00,2025-10-21 01:15:00+09:00,40,73.27081029376336
2025-10-20 16:27:20.947537+00:00,pattern_vrect,,,,,,,,flag_dn,2025-10-20 15:30:00+09:00,2025-10-21 01:15:00+09:00
2025-10-20 23:55:45.526756+00:00,price_fetch_start,corr-1761004545526,,JPY=X,15m,60d,,
2025-10-20 23:55:46.015757+00:00,price_fetch_success,corr-1761004545526,yfinance_history,JPY=X,15m,60d,478,
2025-10-20 23:55:46.445781+00:00,price_fetch_success,corr-1761004545526,yfinance_download,JPY=X,15m,60d,428,
2025-10-20 23:55:49.539681+00:00,pattern_draw,,,,,,,,flag_up,2025-10-20 23:00:00+09:00,2025-10-21 08:45:00+09:00,40,73.91513541127073
2025-10-20 23:55:49.550681+00:00,pattern_vrect,,,,,,,,flag_up,2025-10-20 23:00:00+09:00,2025-10-21 08:45:00+09:00
2025-10-20 23:56:21.982633+00:00,price_fetch_start,corr-1761004545526,,JPY=X,15m,60d,,
2025-10-20 23:56:22.544329+00:00,price_fetch_start,corr-1761004545526,,JPY=X,15m,60d,,
2025-10-20 23:56:24.348368+00:00,price_fetch_start,corr-1761004545526,,JPY=X,15m,60d,,
2025-10-20 23:56:28.023069+00:00,price_fetch_start,corr-1761004545526,,JPY=X,15m,60d,,
2025-10-20 23:56:32.051668+00:00,price_fetch_start,corr-1761004545526,,JPY=X,15m,60d,,
2025-10-20 23:56:58.811619+00:00,pattern_draw,,,,,,,,flag_up,2025-10-20 23:00:00+09:00,2025-10-21 08:45:00+09:00,40,73.91513541127073
2025-10-20 23:56:58.837630+00:00,pattern_vrect,,,,,,,,flag_up,2025-10-20 23:00:00+09:00,2025-10-21 08:45:00+09:00
2025-10-20 23:59:36.288450+00:00,price_fetch_start,corr-1761004545526,,JPY=X,15m,60d,,
2025-10-20 23:59:36.789617+00:00,price_fetch_success,corr-1761004545526,yfinance_history,JPY=X,15m,60d,498,
2025-10-20 23:59:37.457476+00:00,price_fetch_success,corr-1761004545526,yfinance_download,JPY=X,15m,60d,662,
2025-10-20 23:59:45.459959+00:00,pattern_draw,,,,,,,,flag_up,2025-10-20 23:00:00+09:00,2025-10-21 08:45:00+09:00,40,73.73685664054132
2025-10-20 23:59:45.488575+00:00,pattern_vrect,,,,,,,,flag_up,2025-10-20 23:00:00+09:00,2025-10-21 08:45:00+09:00
